LoadNumber,LoadName,PnaLoad,PssLoad,NspLoad,SectionNumber,StdDeviationForMwNoise,MwFrequencyBiasFactor,MvFrequencyBiasFactor,LoadType,OptimizationStatus,LoadShedCostCurvWF,MwConstantPowerFactor,MwConstantCurrentFactor,MwConstantImpedanceFactor,MvConstantPowerFactor,MvConstantCurrentFactor,MvConstantImpedanceFactor,ColdLoadAlphaFactor,ColdLoadBetaFactor,MwStandardDeviation,MwInversion,MwMeasOverrideStatus,MwReplacementValue,CmeMwUsage,MvStandardDeviation,MvInversion,MvMeasOverrideStatus,MvReplacementValue,CmeMvUsage,MwHiCtrlLimit,MwLowCtrlLimit,MwOptMinShiftTarg,MwMaxTransferFlag,MwPseudoMeasurementSe,MvPseudoMeasurementSe,MwInjErrDistribFactSe,MvInjErrDistribFactSe,ActiveMwCostCurve,FlaLoadSeqImpedanceFlag,FlaLoadPassiveComponent,FlaActiveCompZeroSeqResis,FlaActiveCompZeroSeqReac,FlaActiveCompPosSeqSubTrResis,FlaActiveCompPosSeqSubTrReac,FlaActiveCompPosSeqTrReac,FlaPassiveCompZeroSeqResis,FlaPassiveCompZeroSeqReac,FlaActiveCompNegativSeqResis,FlaActiveCompNegativSeqReac,TsmOptimizationStatus,AssetLabel,DefaultMwSchedule,DefaultMvOrPfSchedule,ScheduleDataFlag,ExModelRetentionFlag,DmsTransformFlag,CommentText1,CommentText2,CommentText3,LoadResponseLeadTime,LoadResponseRateOfIncrease,LoadResponseRateOfDecrease,ConnectionStatusIndicatorRef,BusNumberRef,MwTelemetryRef,MvTelemetryRef,Mw_StandardDeviation,MwInversionFlag,MwCmeUsage,MwOverrideStatus,Mw_ReplacementValue,SetOrder4,MwAnalogPointRef,MwCtBreakerRef,Mv_StandardDeviation,MvInversionFlag,MvCmeUsage,MvOverrideStatus,Mv_ReplacementValue,SetOrder5,MvAnalogPointRef,MvCtBreakerRef,AmpStandardDeviation,AmpInversionFlag,AmpCmeUsage,AmpOverrideStatus,AmpReplacementValue,SetOrder6,AmpAnalogPointRef,AmpCtBreakerRef,CurveNumber,CostAtFirstBrkpt,MwAtBrkpt01,CostAtBrkpt01,MwAtBrkpt02,CostAtBrkpt02,MwAtBrkpt03,CostAtBrkpt03,MwAtBrkpt04,CostAtBrkpt04,MwAtBrkpt05,CostAtBrkpt05,MwAtBrkpt06,CostAtBrkpt06,MwAtBrkpt07,CostAtBrkpt07,SinglePhTransCurRef,SinglePhSubtransCurRef,ThreePhTransCurRef,ThreePhSubtransCurRef,
186,HATTER,No,Yes,Yes,8,0,.015,0,Conforming,Off,1,1,NULL,NULL,1,NULL,NULL,1,.01,NULL,NULL,NULL,NULL,NULL,NULL,NULL,NULL,NULL,NULL,999,.0001,0,NULL,Off,Off,0,0,NULL,NULL,NULL,NULL,NULL,NULL,NULL,NULL,NULL,NULL,NULL,NULL,Off,2165901,.3,-1.1,Yes,NULL,Yes,NULL,NULL,NULL,NULL,NULL,NULL,324981,122,NULL,NULL,3,+,In/Out,Normal,NULL,1,76450,NULL,3,+,In/Out,Normal,NULL,701,111564,NULL,10,+,Out,Block,NULL,702,111561,NULL,NULL,NULL,NULL,NULL,NULL,NULL,NULL,NULL,NULL,NULL,NULL,NULL,NULL,NULL,NULL,NULL,NULL,NULL,NULL,NULL,
187,FLEMING,No,Yes,Yes,9,0,.015,0,Conforming,Off,1,1,NULL,NULL,1,NULL,NULL,1,.01,NULL,NULL,NULL,NULL,NULL,NULL,NULL,NULL,NULL,NULL,999,.0001,0,NULL,Off,Off,0,0,NULL,NULL,NULL,NULL,NULL,NULL,NULL,NULL,NULL,NULL,NULL,NULL,Off,2158263,3.6,.5,Yes,NULL,Yes,NULL,NULL,NULL,NULL,NULL,NULL,324982,122,NULL,NULL,3,+,In/Out,Normal,NULL,1,76449,NULL,3,+,In/Out,Normal,NULL,703,111559,NULL,10,+,Out,Block,NULL,704,111556,NULL,NULL,NULL,NULL,NULL,NULL,NULL,NULL,NULL,NULL,NULL,NULL,NULL,NULL,NULL,NULL,NULL,NULL,NULL,NULL,NULL,
188,LUXOR,No,Yes,Yes,10,0,.015,0,Conforming,Off,1,1,NULL,NULL,1,NULL,NULL,1,.01,NULL,NULL,NULL,NULL,NULL,NULL,NULL,NULL,NULL,NULL,999,.0001,0,NULL,Off,Off,0,0,NULL,NULL,NULL,NULL,NULL,NULL,NULL,NULL,NULL,NULL,NULL,NULL,Off,2176596,5.1,2.7,Yes,NULL,Yes,NULL,NULL,NULL,NULL,NULL,NULL,324983,122,NULL,NULL,3,+,In/Out,Normal,NULL,1,76448,NULL,3,+,In/Out,Normal,NULL,705,111554,NULL,10,+,Out,Block,NULL,706,111551,NULL,NULL,NULL,NULL,NULL,NULL,NULL,NULL,NULL,NULL,NULL,NULL,NULL,NULL,NULL,NULL,NULL,NULL,NULL,NULL,NULL,
189,LAREDO,No,Yes,Yes,11,0,.015,0,Conforming,Off,1,1,NULL,NULL,1,NULL,NULL,1,.01,NULL,NULL,NULL,NULL,NULL,NULL,NULL,NULL,NULL,NULL,999,.0001,0,NULL,Off,Off,0,0,NULL,NULL,NULL,NULL,NULL,NULL,NULL,NULL,NULL,NULL,NULL,NULL,Off,2173854,4.2,1.4,Yes,NULL,Yes,NULL,NULL,NULL,NULL,NULL,NULL,324984,122,NULL,NULL,3,+,In/Out,Normal,NULL,1,76447,NULL,3,+,In/Out,Normal,NULL,707,111549,NULL,10,+,Out,Block,NULL,708,111546,NULL,NULL,NULL,NULL,NULL,NULL,NULL,NULL,NULL,NULL,NULL,NULL,NULL,NULL,NULL,NULL,NULL,NULL,NULL,NULL,NULL,
190,BLAINE,No,Yes,Yes,14,0,.015,0,Conforming,Off,1,1,NULL,NULL,1,NULL,NULL,1,.01,NULL,NULL,NULL,NULL,NULL,NULL,NULL,NULL,NULL,NULL,999,.0001,0,NULL,Off,Off,0,0,NULL,NULL,NULL,NULL,NULL,NULL,NULL,NULL,NULL,NULL,NULL,NULL,Off,2133565,1.2,-.6,Yes,NULL,Yes,NULL,NULL,NULL,NULL,NULL,NULL,324985,122,NULL,NULL,3,+,In/Out,Normal,NULL,1,76446,NULL,3,+,In/Out,Normal,NULL,709,111538,NULL,10,+,Out,Block,NULL,710,111535,NULL,NULL,NULL,NULL,NULL,NULL,NULL,NULL,NULL,NULL,NULL,NULL,NULL,NULL,NULL,NULL,NULL,NULL,NULL,NULL,NULL,
191,VULTAIR,No,Yes,Yes,15,0,.015,0,Conforming,Off,1,1,NULL,NULL,1,NULL,NULL,1,.01,NULL,NULL,NULL,NULL,NULL,NULL,NULL,NULL,NULL,NULL,999,.0001,0,NULL,Off,Off,0,0,NULL,NULL,NULL,NULL,NULL,NULL,NULL,NULL,NULL,NULL,NULL,NULL,Off,2191015,1.8,-1,Yes,NULL,Yes,NULL,NULL,NULL,NULL,NULL,NULL,324986,122,NULL,NULL,3,+,In/Out,Normal,NULL,1,76445,NULL,3,+,In/Out,Normal,NULL,711,111533,NULL,10,+,Out,Block,NULL,712,111530,NULL,NULL,NULL,NULL,NULL,NULL,NULL,NULL,NULL,NULL,NULL,NULL,NULL,NULL,NULL,NULL,NULL,NULL,NULL,NULL,NULL,
192,ALAMEDA,No,Yes,Yes,16,0,.015,0,Conforming,Off,1,1,NULL,NULL,1,NULL,NULL,1,.01,NULL,NULL,NULL,NULL,NULL,NULL,NULL,NULL,NULL,NULL,999,.0001,0,NULL,Off,Off,0,0,NULL,NULL,NULL,NULL,NULL,NULL,NULL,NULL,NULL,NULL,NULL,NULL,Off,2141016,2.5,-.5,Yes,NULL,Yes,NULL,NULL,NULL,NULL,NULL,NULL,324987,122,NULL,NULL,3,+,In/Out,Normal,NULL,1,76444,NULL,3,+,In/Out,Normal,NULL,713,111528,NULL,10,+,Out,Block,NULL,714,111525,NULL,NULL,NULL,NULL,NULL,NULL,NULL,NULL,NULL,NULL,NULL,NULL,NULL,NULL,NULL,NULL,NULL,NULL,NULL,NULL,NULL,
193,ARNETT,No,Yes,Yes,17,0,.015,0,Conforming,Off,1,1,NULL,NULL,1,NULL,NULL,1,.01,NULL,NULL,NULL,NULL,NULL,NULL,NULL,NULL,NULL,NULL,999,.0001,0,NULL,Off,Off,0,0,NULL,NULL,NULL,NULL,NULL,NULL,NULL,NULL,NULL,NULL,NULL,NULL,Off,2135650,3.2,-2.6,Yes,NULL,Yes,NULL,NULL,NULL,NULL,NULL,NULL,324988,122,NULL,NULL,3,+,In/Out,Normal,NULL,1,76443,NULL,3,+,In/Out,Normal,NULL,715,111523,NULL,10,+,Out,Block,NULL,716,111520,NULL,NULL,NULL,NULL,NULL,NULL,NULL,NULL,NULL,NULL,NULL,NULL,NULL,NULL,NULL,NULL,NULL,NULL,NULL,NULL,NULL,
194,GARDENDALE,No,Yes,Yes,21,0,.015,0,Conforming,Off,1,1,NULL,NULL,1,NULL,NULL,1,.01,NULL,NULL,NULL,NULL,NULL,NULL,NULL,NULL,NULL,NULL,999,.0001,0,NULL,Off,Off,0,0,NULL,NULL,NULL,NULL,NULL,NULL,NULL,NULL,NULL,NULL,NULL,NULL,Off,2152563,.5,-.1,Yes,NULL,Yes,NULL,NULL,NULL,NULL,NULL,NULL,324999,123,NULL,NULL,3,+,In/Out,Normal,NULL,1,1330,NULL,3,+,In/Out,Normal,NULL,717,111569,NULL,10,+,Out,Block,NULL,718,111566,NULL,NULL,NULL,NULL,NULL,NULL,NULL,NULL,NULL,NULL,NULL,NULL,NULL,NULL,NULL,NULL,NULL,NULL,NULL,NULL,NULL,
195,QUEBEC,No,Yes,Yes,22,0,.015,0,Conforming,Off,1,1,NULL,NULL,1,NULL,NULL,1,.01,NULL,NULL,NULL,NULL,NULL,NULL,NULL,NULL,NULL,NULL,999,.0001,0,NULL,Off,Off,0,0,NULL,NULL,NULL,NULL,NULL,NULL,NULL,NULL,NULL,NULL,NULL,NULL,Off,2190518,.4,0,Yes,NULL,Yes,NULL,NULL,NULL,NULL,NULL,NULL,325000,123,NULL,NULL,3,+,In/Out,Normal,NULL,1,1331,NULL,3,+,In/Out,Normal,NULL,719,111576,NULL,10,+,Out,Block,NULL,720,111573,NULL,NULL,NULL,NULL,NULL,NULL,NULL,NULL,NULL,NULL,NULL,NULL,NULL,NULL,NULL,NULL,NULL,NULL,NULL,NULL,NULL,
196,HONDO,No,Yes,Yes,23,0,.015,0,Conforming,Off,1,1,NULL,NULL,1,NULL,NULL,1,.01,NULL,NULL,NULL,NULL,NULL,NULL,NULL,NULL,NULL,NULL,999,.0001,0,NULL,Off,Off,0,0,NULL,NULL,NULL,NULL,NULL,NULL,NULL,NULL,NULL,NULL,NULL,NULL,Off,2160454,.3,0,Yes,NULL,Yes,NULL,NULL,NULL,NULL,NULL,NULL,325001,123,NULL,NULL,3,+,In/Out,Normal,NULL,1,1334,NULL,3,+,In/Out,Normal,NULL,721,111583,NULL,10,+,Out,Block,NULL,722,111580,NULL,NULL,NULL,NULL,NULL,NULL,NULL,NULL,NULL,NULL,NULL,NULL,NULL,NULL,NULL,NULL,NULL,NULL,NULL,NULL,NULL,
197,BACON,No,Yes,Yes,26,0,.015,0,Conforming,Off,1,1,NULL,NULL,1,NULL,NULL,1,.01,NULL,NULL,NULL,NULL,NULL,NULL,NULL,NULL,NULL,NULL,999,.0001,0,NULL,Off,Off,0,0,NULL,NULL,NULL,NULL,NULL,NULL,NULL,NULL,NULL,NULL,NULL,NULL,Off,2130404,.6,.2,Yes,NULL,Yes,NULL,NULL,NULL,NULL,NULL,NULL,325002,123,NULL,NULL,3,+,In/Out,Normal,NULL,1,1335,NULL,3,+,In/Out,Normal,NULL,723,111596,NULL,10,+,Out,Block,NULL,724,111593,NULL,NULL,NULL,NULL,NULL,NULL,NULL,NULL,NULL,NULL,NULL,NULL,NULL,NULL,NULL,NULL,NULL,NULL,NULL,NULL,NULL,
198,JAMES,No,Yes,Yes,27,0,.015,0,Conforming,Off,1,1,NULL,NULL,1,NULL,NULL,1,.01,NULL,NULL,NULL,NULL,NULL,NULL,NULL,NULL,NULL,NULL,999,.0001,0,NULL,Off,Off,0,0,NULL,NULL,NULL,NULL,NULL,NULL,NULL,NULL,NULL,NULL,NULL,NULL,Off,2167932,.6,-.5,Yes,NULL,Yes,NULL,NULL,NULL,NULL,NULL,NULL,325003,123,NULL,NULL,3,+,In/Out,Normal,NULL,1,1336,NULL,3,+,In/Out,Normal,NULL,725,111603,NULL,10,+,Out,Block,NULL,726,111600,NULL,NULL,NULL,NULL,NULL,NULL,NULL,NULL,NULL,NULL,NULL,NULL,NULL,NULL,NULL,NULL,NULL,NULL,NULL,NULL,NULL,
199,REX,No,Yes,Yes,28,0,.015,0,Conforming,Off,1,1,NULL,NULL,1,NULL,NULL,1,.01,NULL,NULL,NULL,NULL,NULL,NULL,NULL,NULL,NULL,NULL,999,.0001,0,NULL,Off,Off,0,0,NULL,NULL,NULL,NULL,NULL,NULL,NULL,NULL,NULL,NULL,NULL,NULL,Off,2190551,.6,-.4,Yes,NULL,Yes,NULL,NULL,NULL,NULL,NULL,NULL,325004,123,NULL,NULL,3,+,In/Out,Normal,NULL,1,1337,NULL,3,+,In/Out,Normal,NULL,727,111610,NULL,10,+,Out,Block,NULL,728,111607,NULL,NULL,NULL,NULL,NULL,NULL,NULL,NULL,NULL,NULL,NULL,NULL,NULL,NULL,NULL,NULL,NULL,NULL,NULL,NULL,NULL,
1572,TREY,No,Yes,Yes,11,0,.015,0,Conforming,Off,1,1,NULL,NULL,1,NULL,NULL,1,.01,NULL,NULL,NULL,NULL,NULL,NULL,NULL,NULL,NULL,NULL,999,.0001,0,NULL,Off,Off,0,0,NULL,NULL,NULL,NULL,NULL,NULL,NULL,NULL,NULL,NULL,NULL,NULL,Off,2188535,2.5,.3,Yes,NULL,Yes,NULL,NULL,NULL,NULL,NULL,1,325014,1187,NULL,NULL,3,+,In/Out,Normal,NULL,1,3043,NULL,3,+,In/Out,Normal,NULL,2,123603,NULL,10,+,Out,Block,NULL,200,123600,NULL,NULL,NULL,NULL,NULL,NULL,NULL,NULL,NULL,NULL,NULL,NULL,NULL,NULL,NULL,NULL,NULL,NULL,NULL,NULL,NULL,
1573,DEUCE,No,Yes,Yes,8,0,.015,0,Conforming,Off,1,1,NULL,NULL,1,NULL,NULL,1,.01,NULL,NULL,NULL,NULL,NULL,NULL,NULL,NULL,NULL,NULL,999,.0001,0,NULL,Off,Off,0,0,NULL,NULL,NULL,NULL,NULL,NULL,NULL,NULL,NULL,NULL,NULL,NULL,Off,2165581,2.9,.1,Yes,NULL,Yes,NULL,NULL,NULL,NULL,NULL,1,325015,1187,NULL,NULL,3,+,In/Out,Normal,NULL,1,3044,NULL,3,+,In/Out,Normal,NULL,2,123614,NULL,10,+,Out,Block,NULL,200,123611,NULL,NULL,NULL,NULL,NULL,NULL,NULL,NULL,NULL,NULL,NULL,NULL,NULL,NULL,NULL,NULL,NULL,NULL,NULL,NULL,NULL,
1574,STAMPER,No,Yes,Yes,12,0,.015,0,Conforming,Off,1,1,NULL,NULL,1,NULL,NULL,1,.01,NULL,NULL,NULL,NULL,NULL,NULL,NULL,NULL,NULL,NULL,999,.0001,0,NULL,Off,Off,0,0,NULL,NULL,NULL,NULL,NULL,NULL,NULL,NULL,NULL,NULL,NULL,NULL,Off,2184479,4.3,-.5,Yes,NULL,Yes,NULL,NULL,NULL,NULL,NULL,1,325016,1187,NULL,NULL,3,+,In/Out,Normal,NULL,1,3045,NULL,3,+,In/Out,Normal,NULL,2,123619,NULL,10,+,Out,Block,NULL,200,123616,NULL,NULL,NULL,NULL,NULL,NULL,NULL,NULL,NULL,NULL,NULL,NULL,NULL,NULL,NULL,NULL,NULL,NULL,NULL,NULL,NULL,
1575,CHURCH,No,Yes,Yes,15,0,.015,0,Conforming,Off,1,1,NULL,NULL,1,NULL,NULL,1,.01,NULL,NULL,NULL,NULL,NULL,NULL,NULL,NULL,NULL,NULL,999,.0001,0,NULL,Off,Off,0,0,NULL,NULL,NULL,NULL,NULL,NULL,NULL,NULL,NULL,NULL,NULL,NULL,Off,2157480,2,-.2,Yes,NULL,Yes,NULL,NULL,NULL,NULL,NULL,1,325017,1187,NULL,NULL,3,+,In/Out,Normal,NULL,1,3046,NULL,3,+,In/Out,Normal,NULL,21,123624,NULL,10,+,Out,Block,NULL,200,123621,NULL,NULL,NULL,NULL,NULL,NULL,NULL,NULL,NULL,NULL,NULL,NULL,NULL,NULL,NULL,NULL,NULL,NULL,NULL,NULL,NULL,
1576,STOAKES,No,Yes,Yes,202,0,.015,0,Conforming,Off,1,1,NULL,NULL,1,NULL,NULL,1,.01,NULL,NULL,NULL,NULL,NULL,NULL,NULL,NULL,NULL,NULL,999,.0001,0,NULL,Off,Off,0,0,NULL,NULL,NULL,NULL,NULL,NULL,NULL,NULL,NULL,NULL,NULL,NULL,Off,2184800,2.4,-3.6,Yes,NULL,Yes,NULL,NULL,NULL,NULL,NULL,1,325018,1187,NULL,NULL,NULL,NULL,NULL,NULL,NULL,NULL,NULL,NULL,NULL,NULL,NULL,NULL,NULL,NULL,NULL,NULL,NULL,NULL,NULL,NULL,NULL,NULL,NULL,NULL,NULL,NULL,NULL,NULL,NULL,NULL,NULL,NULL,NULL,NULL,NULL,NULL,NULL,NULL,NULL,NULL,NULL,NULL,NULL,NULL,
1577,PERKINS,No,Yes,Yes,205,0,.015,0,Conforming,Off,1,1,NULL,NULL,1,NULL,NULL,1,.01,NULL,NULL,NULL,NULL,NULL,NULL,NULL,NULL,NULL,NULL,999,.0001,0,NULL,Off,Off,0,0,NULL,NULL,NULL,NULL,NULL,NULL,NULL,NULL,NULL,NULL,NULL,NULL,Off,2179172,3.6,-2.9,Yes,NULL,Yes,NULL,NULL,NULL,NULL,NULL,1,325019,1187,NULL,NULL,NULL,NULL,NULL,NULL,NULL,NULL,NULL,NULL,NULL,NULL,NULL,NULL,NULL,NULL,NULL,NULL,NULL,NULL,NULL,NULL,NULL,NULL,NULL,NULL,NULL,NULL,NULL,NULL,NULL,NULL,NULL,NULL,NULL,NULL,NULL,NULL,NULL,NULL,NULL,NULL,NULL,NULL,NULL,NULL,
1578,GASPAR,No,Yes,Yes,208,0,.015,0,Conforming,Off,1,1,NULL,NULL,1,NULL,NULL,1,.01,NULL,NULL,NULL,NULL,NULL,NULL,NULL,NULL,NULL,NULL,999,.0001,0,NULL,Off,Off,0,0,NULL,NULL,NULL,NULL,NULL,NULL,NULL,NULL,NULL,NULL,NULL,NULL,Off,2156740,2.8,-1.8,Yes,NULL,Yes,NULL,NULL,NULL,NULL,NULL,1,325020,1187,NULL,NULL,NULL,NULL,NULL,NULL,NULL,NULL,NULL,NULL,NULL,NULL,NULL,NULL,NULL,NULL,NULL,NULL,NULL,NULL,NULL,NULL,NULL,NULL,NULL,NULL,NULL,NULL,NULL,NULL,NULL,NULL,NULL,NULL,NULL,NULL,NULL,NULL,NULL,NULL,NULL,NULL,NULL,NULL,NULL,NULL,
1848,CENTR PEAKER AUX 1 LD,Yes,Yes,Yes,103,0,.015,0,Conforming,Off,1,1,NULL,NULL,1,NULL,NULL,1,.01,NULL,NULL,NULL,NULL,NULL,NULL,NULL,NULL,NULL,NULL,999,.0001,0,NULL,Off,Off,0,0,NULL,NULL,NULL,NULL,NULL,NULL,NULL,NULL,NULL,NULL,NULL,NULL,Off,NULL,1,.2,Yes,NULL,Yes,NULL,NULL,NULL,NULL,NULL,NULL,NULL,64,NULL,NULL,3,+,In/Out,Normal,NULL,3177,139080,NULL,NULL,NULL,NULL,NULL,NULL,NULL,NULL,NULL,NULL,NULL,NULL,NULL,NULL,NULL,NULL,NULL,NULL,NULL,NULL,NULL,NULL,NULL,NULL,NULL,NULL,NULL,NULL,NULL,NULL,NULL,NULL,NULL,NULL,NULL,NULL,NULL,
2740,PATRICK,No,Yes,Yes,62,0,.015,0,Conforming,Off,1,1,NULL,NULL,1,NULL,NULL,1,.01,NULL,NULL,NULL,NULL,NULL,NULL,NULL,NULL,NULL,NULL,999,.0001,0,NULL,Off,Off,0,0,NULL,NULL,NULL,NULL,NULL,NULL,NULL,NULL,NULL,NULL,NULL,NULL,Off,46120753,7.93973861,2.256822222,Yes,NULL,Yes,NULL,NULL,NULL,NULL,NULL,1,358120,3462,NULL,NULL,3,+,In/Out,Normal,NULL,1,108548,NULL,3,+,In/Out,Normal,NULL,233,108549,NULL,10,+,Out,Block,NULL,263,108545,NULL,NULL,NULL,NULL,NULL,NULL,NULL,NULL,NULL,NULL,NULL,NULL,NULL,NULL,NULL,NULL,NULL,NULL,NULL,NULL,NULL,
2744,CENTR PEAKER AUX 2 LD,Yes,Yes,Yes,105,0,.015,0,Conforming,Off,1,1,NULL,NULL,1,NULL,NULL,1,.01,NULL,NULL,NULL,NULL,NULL,NULL,NULL,NULL,NULL,NULL,999,.0001,0,NULL,Off,Off,0,0,NULL,NULL,NULL,NULL,NULL,NULL,NULL,NULL,NULL,NULL,NULL,NULL,Off,NULL,1,.2,Yes,NULL,Yes,NULL,NULL,NULL,NULL,NULL,NULL,NULL,64,NULL,NULL,3,+,In/Out,Normal,NULL,3177,139081,NULL,NULL,NULL,NULL,NULL,NULL,NULL,NULL,NULL,NULL,NULL,NULL,NULL,NULL,NULL,NULL,NULL,NULL,NULL,NULL,NULL,NULL,NULL,NULL,NULL,NULL,NULL,NULL,NULL,NULL,NULL,NULL,NULL,NULL,NULL,NULL,NULL,
3312,BLANKET,No,Yes,Yes,200,0,.015,0,Conforming,Off,1,1,NULL,NULL,1,NULL,NULL,1,.01,NULL,NULL,NULL,NULL,NULL,NULL,NULL,NULL,NULL,NULL,999,.0001,0,NULL,Off,Off,0,0,NULL,NULL,NULL,NULL,NULL,NULL,NULL,NULL,NULL,NULL,NULL,NULL,Off,2131886,3.1207,.3175,Yes,NULL,Yes,NULL,NULL,NULL,NULL,NULL,1,325896,3050,NULL,NULL,NULL,NULL,NULL,NULL,NULL,NULL,NULL,NULL,NULL,NULL,NULL,NULL,NULL,NULL,NULL,NULL,NULL,NULL,NULL,NULL,NULL,NULL,NULL,NULL,NULL,NULL,NULL,NULL,NULL,NULL,NULL,NULL,NULL,NULL,NULL,NULL,NULL,NULL,NULL,NULL,NULL,NULL,NULL,NULL,
3313,BUFFALO,No,Yes,Yes,56,0,.015,0,Conforming,Off,1,1,NULL,NULL,1,NULL,NULL,1,.01,NULL,NULL,NULL,NULL,NULL,NULL,NULL,NULL,NULL,NULL,999,.0001,0,NULL,Off,Off,0,0,NULL,NULL,NULL,NULL,NULL,NULL,NULL,NULL,NULL,NULL,NULL,NULL,Off,2134175,3.322,.3175,Yes,NULL,Yes,NULL,NULL,NULL,NULL,NULL,1,325897,3050,NULL,NULL,3,+,In/Out,Normal,NULL,10,76433,NULL,3,+,In/Out,Normal,NULL,11,138735,NULL,10,+,Out,Block,NULL,263,138732,NULL,NULL,NULL,NULL,NULL,NULL,NULL,NULL,NULL,NULL,NULL,NULL,NULL,NULL,NULL,NULL,NULL,NULL,NULL,NULL,NULL,
3314,DECOY,No,Yes,Yes,61,0,.015,0,Conforming,Off,1,1,NULL,NULL,1,NULL,NULL,1,.01,NULL,NULL,NULL,NULL,NULL,NULL,NULL,NULL,NULL,NULL,999,.0001,0,NULL,Off,Off,0,0,NULL,NULL,NULL,NULL,NULL,NULL,NULL,NULL,NULL,NULL,NULL,NULL,Off,2150118,2.416,2.2222,Yes,NULL,Yes,NULL,NULL,NULL,NULL,NULL,1,325898,3050,NULL,NULL,3,+,In/Out,Normal,NULL,10,76438,NULL,3,+,In/Out,Normal,NULL,11,138760,NULL,10,+,Out,Block,NULL,263,138757,NULL,NULL,NULL,NULL,NULL,NULL,NULL,NULL,NULL,NULL,NULL,NULL,NULL,NULL,NULL,NULL,NULL,NULL,NULL,NULL,NULL,
3315,HARDHAT,No,Yes,Yes,52,0,.015,0,Conforming,Off,1,1,NULL,NULL,1,NULL,NULL,1,.01,NULL,NULL,NULL,NULL,NULL,NULL,NULL,NULL,NULL,NULL,999,.0001,0,NULL,Off,Off,0,0,NULL,NULL,NULL,NULL,NULL,NULL,NULL,NULL,NULL,NULL,NULL,NULL,Off,2176186,2.5167,.2381,Yes,NULL,Yes,NULL,NULL,NULL,NULL,NULL,1,325899,3050,NULL,NULL,3,+,In/Out,Normal,NULL,10,76434,NULL,3,+,In/Out,Normal,NULL,11,138740,NULL,10,+,Out,Block,NULL,263,138737,NULL,NULL,NULL,NULL,NULL,NULL,NULL,NULL,NULL,NULL,NULL,NULL,NULL,NULL,NULL,NULL,NULL,NULL,NULL,NULL,NULL,
3316,RED FLAG,No,Yes,Yes,53,0,.015,0,Conforming,Off,1,1,NULL,NULL,1,NULL,NULL,1,.01,NULL,NULL,NULL,NULL,NULL,NULL,NULL,NULL,NULL,NULL,999,.0001,0,NULL,Off,Off,0,0,NULL,NULL,NULL,NULL,NULL,NULL,NULL,NULL,NULL,NULL,NULL,NULL,Off,2186065,1.6107,.0794,Yes,NULL,Yes,NULL,NULL,NULL,NULL,NULL,1,325900,3050,NULL,NULL,3,+,In/Out,Normal,NULL,10,76439,NULL,3,+,In/Out,Normal,NULL,11,138765,NULL,10,+,Out,Block,NULL,263,138762,NULL,NULL,NULL,NULL,NULL,NULL,NULL,NULL,NULL,NULL,NULL,NULL,NULL,NULL,NULL,NULL,NULL,NULL,NULL,NULL,NULL,
3317,RIFLE,No,Yes,Yes,63,0,.015,0,Conforming,Off,1,1,NULL,NULL,1,NULL,NULL,1,.01,NULL,NULL,NULL,NULL,NULL,NULL,NULL,NULL,NULL,NULL,999,.0001,0,NULL,Off,Off,0,0,NULL,NULL,NULL,NULL,NULL,NULL,NULL,NULL,NULL,NULL,NULL,NULL,Off,2186224,1.7113,.7937,Yes,NULL,Yes,NULL,NULL,NULL,NULL,NULL,1,325901,3050,NULL,NULL,3,+,In/Out,Normal,NULL,10,76431,NULL,3,+,In/Out,Normal,NULL,11,138725,NULL,10,+,Out,Block,NULL,263,138722,NULL,NULL,NULL,NULL,NULL,NULL,NULL,NULL,NULL,NULL,NULL,NULL,NULL,NULL,NULL,NULL,NULL,NULL,NULL,NULL,NULL,
3318,TATTOO,No,Yes,Yes,65,0,.015,0,Conforming,Off,1,1,NULL,NULL,1,NULL,NULL,1,.01,NULL,NULL,NULL,NULL,NULL,NULL,NULL,NULL,NULL,NULL,999,.0001,0,NULL,Off,Off,0,0,NULL,NULL,NULL,NULL,NULL,NULL,NULL,NULL,NULL,NULL,NULL,NULL,Off,2187043,3.1207,3.0159,Yes,NULL,Yes,NULL,NULL,NULL,NULL,NULL,1,325902,3050,NULL,NULL,3,+,In/Out,Normal,NULL,10,76437,NULL,3,+,In/Out,Normal,NULL,11,138755,NULL,10,+,Out,Block,NULL,263,138752,NULL,NULL,NULL,NULL,NULL,NULL,NULL,NULL,NULL,NULL,NULL,NULL,NULL,NULL,NULL,NULL,NULL,NULL,NULL,NULL,NULL,
3319,TEXAS,No,Yes,Yes,60,0,.015,0,Conforming,Off,1,1,NULL,NULL,1,NULL,NULL,1,.01,NULL,NULL,NULL,NULL,NULL,NULL,NULL,NULL,NULL,NULL,999,.0001,0,NULL,Off,Off,0,0,NULL,NULL,NULL,NULL,NULL,NULL,NULL,NULL,NULL,NULL,NULL,NULL,Off,2187110,4.832,.3175,Yes,NULL,Yes,NULL,NULL,NULL,NULL,NULL,1,325903,3050,NULL,NULL,3,+,In/Out,Normal,NULL,10,76441,NULL,3,+,In/Out,Normal,NULL,11,138775,NULL,10,+,Out,Block,NULL,263,138772,NULL,NULL,NULL,NULL,NULL,NULL,NULL,NULL,NULL,NULL,NULL,NULL,NULL,NULL,NULL,NULL,NULL,NULL,NULL,NULL,NULL,
3320,PELLET,No,Yes,Yes,57,0,.015,0,Conforming,Off,1,1,NULL,NULL,1,NULL,NULL,1,.01,NULL,NULL,NULL,NULL,NULL,NULL,NULL,NULL,NULL,NULL,999,.0001,0,NULL,Off,Off,0,0,NULL,NULL,NULL,NULL,NULL,NULL,NULL,NULL,NULL,NULL,NULL,NULL,Off,2190322,4.3287,.3175,Yes,NULL,Yes,NULL,NULL,NULL,NULL,NULL,1,325904,3050,NULL,NULL,3,+,In/Out,Normal,NULL,10,76440,NULL,3,+,In/Out,Normal,NULL,11,138770,NULL,10,+,Out,Block,NULL,263,138767,NULL,NULL,NULL,NULL,NULL,NULL,NULL,NULL,NULL,NULL,NULL,NULL,NULL,NULL,NULL,NULL,NULL,NULL,NULL,NULL,NULL,
3321,TIGER,No,Yes,Yes,64,0,.015,0,Conforming,Off,1,1,NULL,NULL,1,NULL,NULL,1,.01,NULL,NULL,NULL,NULL,NULL,NULL,NULL,NULL,NULL,NULL,999,.0001,0,NULL,Off,Off,0,0,NULL,NULL,NULL,NULL,NULL,NULL,NULL,NULL,NULL,NULL,NULL,NULL,Off,2187114,5.436,.6349,Yes,NULL,Yes,NULL,NULL,NULL,NULL,NULL,1,325905,3050,NULL,NULL,3,+,In/Out,Normal,NULL,10,76430,NULL,3,+,In/Out,Normal,NULL,11,138720,NULL,10,+,Out,Block,NULL,263,138717,NULL,NULL,NULL,NULL,NULL,NULL,NULL,NULL,NULL,NULL,NULL,NULL,NULL,NULL,NULL,NULL,NULL,NULL,NULL,NULL,NULL,
3322,CRUSADE,No,Yes,Yes,58,0,.015,0,Conforming,Off,1,1,NULL,NULL,1,NULL,NULL,1,.01,NULL,NULL,NULL,NULL,NULL,NULL,NULL,NULL,NULL,NULL,999,.0001,0,NULL,Off,Off,0,0,NULL,NULL,NULL,NULL,NULL,NULL,NULL,NULL,NULL,NULL,NULL,NULL,Off,2141962,4.6307,.1587,Yes,NULL,Yes,NULL,NULL,NULL,NULL,NULL,1,325906,3050,NULL,NULL,3,+,In/Out,Normal,NULL,10,76432,NULL,3,+,In/Out,Normal,NULL,11,138730,NULL,10,+,Out,Block,NULL,263,138727,NULL,NULL,NULL,NULL,NULL,NULL,NULL,NULL,NULL,NULL,NULL,NULL,NULL,NULL,NULL,NULL,NULL,NULL,NULL,NULL,NULL,
3323,BOXER,No,Yes,Yes,54,0,.015,0,Conforming,Off,1,1,NULL,NULL,1,NULL,NULL,1,.01,NULL,NULL,NULL,NULL,NULL,NULL,NULL,NULL,NULL,NULL,999,.0001,0,NULL,Off,Off,0,0,NULL,NULL,NULL,NULL,NULL,NULL,NULL,NULL,NULL,NULL,NULL,NULL,Off,2146284,4.53,1.3492,Yes,NULL,Yes,NULL,NULL,NULL,NULL,NULL,1,325907,3050,NULL,NULL,3,+,In/Out,Normal,NULL,10,76435,NULL,3,+,In/Out,Normal,NULL,11,138745,NULL,10,+,Out,Block,NULL,263,138742,NULL,NULL,NULL,NULL,NULL,NULL,NULL,NULL,NULL,NULL,NULL,NULL,NULL,NULL,NULL,NULL,NULL,NULL,NULL,NULL,NULL,
3324,SHOTGUN,No,Yes,Yes,51,0,.015,0,Conforming,Off,1,1,NULL,NULL,1,NULL,NULL,1,.01,NULL,NULL,NULL,NULL,NULL,NULL,NULL,NULL,NULL,NULL,999,.0001,0,NULL,Off,Off,0,0,NULL,NULL,NULL,NULL,NULL,NULL,NULL,NULL,NULL,NULL,NULL,NULL,Off,19237929,3.7247,.2381,Yes,NULL,Yes,NULL,NULL,NULL,NULL,NULL,1,325908,3050,NULL,NULL,3,+,In/Out,Normal,NULL,10,2502,NULL,3,+,In/Out,Normal,NULL,11,2501,NULL,10,+,Out,Block,NULL,263,2498,NULL,NULL,NULL,NULL,NULL,NULL,NULL,NULL,NULL,NULL,NULL,NULL,NULL,NULL,NULL,NULL,NULL,NULL,NULL,NULL,NULL,
3632,JESSUP,No,No,Yes,54,0,.015,0,Conforming,Off,1,1,NULL,NULL,1,NULL,NULL,1,.01,NULL,NULL,NULL,NULL,NULL,NULL,NULL,NULL,NULL,NULL,999,.0001,0,NULL,Off,Off,0,0,NULL,NULL,NULL,NULL,NULL,NULL,NULL,NULL,NULL,NULL,NULL,NULL,Off,2162780,.0001,.0001,Yes,NULL,No,NULL,NULL,NULL,NULL,NULL,1,NULL,3186,NULL,NULL,NULL,NULL,NULL,NULL,NULL,NULL,NULL,NULL,NULL,NULL,NULL,NULL,NULL,NULL,NULL,NULL,10,+,Out,Block,NULL,200,228496,NULL,NULL,NULL,NULL,NULL,NULL,NULL,NULL,NULL,NULL,NULL,NULL,NULL,NULL,NULL,NULL,NULL,NULL,NULL,NULL,NULL,
3633,KENNEY,No,No,Yes,53,0,.015,0,Conforming,Off,1,1,NULL,NULL,1,NULL,NULL,1,.01,NULL,NULL,NULL,NULL,NULL,NULL,NULL,NULL,NULL,NULL,999,.0001,0,NULL,Off,Off,0,0,NULL,NULL,NULL,NULL,NULL,NULL,NULL,NULL,NULL,NULL,NULL,NULL,Off,2163153,.0001,.0001,Yes,NULL,No,NULL,NULL,NULL,NULL,NULL,1,NULL,3186,NULL,NULL,NULL,NULL,NULL,NULL,NULL,NULL,NULL,NULL,NULL,NULL,NULL,NULL,NULL,NULL,NULL,NULL,10,+,Out,Block,NULL,200,228492,NULL,NULL,NULL,NULL,NULL,NULL,NULL,NULL,NULL,NULL,NULL,NULL,NULL,NULL,NULL,NULL,NULL,NULL,NULL,NULL,NULL,
3634,TRUBLU,No,No,Yes,51,0,.015,0,Conforming,Off,1,1,NULL,NULL,1,NULL,NULL,1,.01,NULL,NULL,NULL,NULL,NULL,NULL,NULL,NULL,NULL,NULL,999,.0001,0,NULL,Off,Off,0,0,NULL,NULL,NULL,NULL,NULL,NULL,NULL,NULL,NULL,NULL,NULL,NULL,Off,2189330,.0001,.0001,Yes,NULL,No,NULL,NULL,NULL,NULL,NULL,1,NULL,3186,NULL,NULL,NULL,NULL,NULL,NULL,NULL,NULL,NULL,NULL,NULL,NULL,NULL,NULL,NULL,NULL,NULL,NULL,10,+,Out,Block,NULL,200,228484,NULL,NULL,NULL,NULL,NULL,NULL,NULL,NULL,NULL,NULL,NULL,NULL,NULL,NULL,NULL,NULL,NULL,NULL,NULL,NULL,NULL,
3635,GOTHAM,No,No,Yes,52,0,.015,0,Conforming,Off,1,1,NULL,NULL,1,NULL,NULL,1,.01,NULL,NULL,NULL,NULL,NULL,NULL,NULL,NULL,NULL,NULL,999,.0001,0,NULL,Off,Off,0,0,NULL,NULL,NULL,NULL,NULL,NULL,NULL,NULL,NULL,NULL,NULL,NULL,Off,2164458,.0001,.0001,Yes,NULL,No,NULL,NULL,NULL,NULL,NULL,1,NULL,3186,NULL,NULL,NULL,NULL,NULL,NULL,NULL,NULL,NULL,NULL,NULL,NULL,NULL,NULL,NULL,NULL,NULL,NULL,10,+,Out,Block,NULL,201,228488,NULL,NULL,NULL,NULL,NULL,NULL,NULL,NULL,NULL,NULL,NULL,NULL,NULL,NULL,NULL,NULL,NULL,NULL,NULL,NULL,NULL,
5258,KILROY,No,Yes,Yes,52,0,.015,0,Conforming,Off,1,1,NULL,NULL,1,NULL,NULL,1,.01,NULL,NULL,NULL,NULL,NULL,NULL,NULL,NULL,NULL,NULL,999,.0001,0,NULL,Off,Off,0,0,NULL,NULL,NULL,NULL,NULL,NULL,NULL,NULL,NULL,NULL,NULL,NULL,Off,2181461,7.340410199,.818682353,Yes,NULL,Yes,NULL,NULL,NULL,NULL,NULL,1,324451,3447,NULL,NULL,3,+,In/Out,Normal,NULL,190,3033,NULL,3,+,In/Out,Normal,NULL,83,124288,NULL,10,+,Out,Block,NULL,263,124285,NULL,NULL,NULL,NULL,NULL,NULL,NULL,NULL,NULL,NULL,NULL,NULL,NULL,NULL,NULL,NULL,NULL,NULL,NULL,NULL,NULL,
5259,KILKENNY,No,Yes,Yes,53,0,.015,0,Conforming,Off,1,1,NULL,NULL,1,NULL,NULL,1,.01,NULL,NULL,NULL,NULL,NULL,NULL,NULL,NULL,NULL,NULL,999,.0001,0,NULL,Off,Off,0,0,NULL,NULL,NULL,NULL,NULL,NULL,NULL,NULL,NULL,NULL,NULL,NULL,Off,2181460,7.264262232,1.637364706,Yes,NULL,Yes,NULL,NULL,NULL,NULL,NULL,1,324452,3447,NULL,NULL,3,+,In/Out,Normal,NULL,190,3034,NULL,3,+,In/Out,Normal,NULL,73,124293,NULL,10,+,Out,Block,NULL,263,124290,NULL,NULL,NULL,NULL,NULL,NULL,NULL,NULL,NULL,NULL,NULL,NULL,NULL,NULL,NULL,NULL,NULL,NULL,NULL,NULL,NULL,
5260,MULLIGAN,No,Yes,Yes,54,0,.015,0,Conforming,Off,1,1,NULL,NULL,1,NULL,NULL,1,.01,NULL,NULL,NULL,NULL,NULL,NULL,NULL,NULL,NULL,NULL,999,.0001,0,NULL,Off,Off,0,0,NULL,NULL,NULL,NULL,NULL,NULL,NULL,NULL,NULL,NULL,NULL,NULL,Off,2177860,1.287266154,0,Yes,NULL,Yes,NULL,NULL,NULL,NULL,NULL,1,324453,3447,NULL,NULL,3,+,In/Out,Normal,NULL,190,3035,NULL,3,+,In/Out,Normal,NULL,13,124298,NULL,10,+,Out,Block,NULL,263,124295,NULL,NULL,NULL,NULL,NULL,NULL,NULL,NULL,NULL,NULL,NULL,NULL,NULL,NULL,NULL,NULL,NULL,NULL,NULL,NULL,NULL,
5261,OMALLEY,No,Yes,Yes,55,0,.015,0,Conforming,Off,1,1,NULL,NULL,1,NULL,NULL,1,.01,NULL,NULL,NULL,NULL,NULL,NULL,NULL,NULL,NULL,NULL,999,.0001,0,NULL,Off,Off,0,0,NULL,NULL,NULL,NULL,NULL,NULL,NULL,NULL,NULL,NULL,NULL,NULL,Off,2182455,7.270202,.181929,Yes,NULL,Yes,NULL,NULL,NULL,NULL,NULL,1,324454,3447,NULL,NULL,3,+,In/Out,Normal,NULL,190,3037,NULL,3,+,In/Out,Normal,NULL,90,124303,NULL,10,+,Out,Block,NULL,263,124300,NULL,NULL,NULL,NULL,NULL,NULL,NULL,NULL,NULL,NULL,NULL,NULL,NULL,NULL,NULL,NULL,NULL,NULL,NULL,NULL,NULL,
5262,OTOOLE,No,Yes,Yes,56,0,.015,0,Conforming,Off,1,1,NULL,NULL,1,NULL,NULL,1,.01,NULL,NULL,NULL,NULL,NULL,NULL,NULL,NULL,NULL,NULL,999,.0001,0,NULL,Off,Off,0,0,NULL,NULL,NULL,NULL,NULL,NULL,NULL,NULL,NULL,NULL,NULL,NULL,Off,2182530,10.131,1.5464,Yes,NULL,Yes,NULL,NULL,NULL,NULL,NULL,1,324455,3447,NULL,NULL,3,+,In/Out,Normal,NULL,191,3038,NULL,3,+,In/Out,Normal,NULL,719,124308,NULL,10,+,Out,Block,NULL,263,124305,NULL,NULL,NULL,NULL,NULL,NULL,NULL,NULL,NULL,NULL,NULL,NULL,NULL,NULL,NULL,NULL,NULL,NULL,NULL,NULL,NULL,
5263,TIPPERARY,No,Yes,Yes,58,0,.015,0,Conforming,Off,1,1,NULL,NULL,1,NULL,NULL,1,.01,NULL,NULL,NULL,NULL,NULL,NULL,NULL,NULL,NULL,NULL,999,.0001,0,NULL,Off,Off,0,0,NULL,NULL,NULL,NULL,NULL,NULL,NULL,NULL,NULL,NULL,NULL,NULL,Off,2187116,5.366654893,.454823529,Yes,NULL,Yes,NULL,NULL,NULL,NULL,NULL,1,324456,3447,NULL,NULL,3,+,In/Out,Normal,NULL,190,3039,NULL,3,+,In/Out,Normal,NULL,33,124313,NULL,10,+,Out,Block,NULL,263,124310,NULL,NULL,NULL,NULL,NULL,NULL,NULL,NULL,NULL,NULL,NULL,NULL,NULL,NULL,NULL,NULL,NULL,NULL,NULL,NULL,NULL,
5282,REDSKIN,No,Yes,Yes,55,0,.015,0,Conforming,Off,1,1,NULL,NULL,1,NULL,NULL,1,.01,NULL,NULL,NULL,NULL,NULL,NULL,NULL,NULL,NULL,NULL,999,.0001,0,NULL,Off,Off,0,0,NULL,NULL,NULL,NULL,NULL,NULL,NULL,NULL,NULL,NULL,NULL,NULL,Off,2186140,1.06,.3057,Yes,NULL,Yes,NULL,NULL,NULL,NULL,NULL,1,324499,3452,NULL,NULL,3,+,In/Out,Normal,NULL,38,10297,NULL,3,+,In/Out,Normal,NULL,10,123370,NULL,10,+,Out,Block,NULL,263,123367,NULL,NULL,NULL,NULL,NULL,NULL,NULL,NULL,NULL,NULL,NULL,NULL,NULL,NULL,NULL,NULL,NULL,NULL,NULL,NULL,NULL,
5283,MUSKET,No,Yes,Yes,56,0,.015,0,Conforming,Off,1,1,NULL,NULL,1,NULL,NULL,1,.01,NULL,NULL,NULL,NULL,NULL,NULL,NULL,NULL,NULL,NULL,999,.0001,0,NULL,Off,Off,0,0,NULL,NULL,NULL,NULL,NULL,NULL,NULL,NULL,NULL,NULL,NULL,NULL,Off,2181731,6.2275,1.0393,Yes,NULL,Yes,NULL,NULL,NULL,NULL,NULL,1,324500,3452,NULL,NULL,3,+,In/Out,Normal,NULL,18,10298,NULL,3,+,In/Out,Normal,NULL,28,123375,NULL,10,+,Out,Block,NULL,263,123372,NULL,NULL,NULL,NULL,NULL,NULL,NULL,NULL,NULL,NULL,NULL,NULL,NULL,NULL,NULL,NULL,NULL,NULL,NULL,NULL,NULL,
5284,PAPOOSE,No,Yes,Yes,57,0,.015,0,Conforming,Off,1,1,NULL,NULL,1,NULL,NULL,1,.01,NULL,NULL,NULL,NULL,NULL,NULL,NULL,NULL,NULL,NULL,999,.0001,0,NULL,Off,Off,0,0,NULL,NULL,NULL,NULL,NULL,NULL,NULL,NULL,NULL,NULL,NULL,NULL,Off,2189854,4.77,-.2446,Yes,NULL,Yes,NULL,NULL,NULL,NULL,NULL,1,324501,3452,NULL,NULL,3,+,In/Out,Normal,NULL,30,10299,NULL,3,+,In/Out,Normal,NULL,21,123380,NULL,10,+,Out,Block,NULL,263,123377,NULL,NULL,NULL,NULL,NULL,NULL,NULL,NULL,NULL,NULL,NULL,NULL,NULL,NULL,NULL,NULL,NULL,NULL,NULL,NULL,NULL,
5285,SETTLER,No,Yes,Yes,59,0,.015,0,Conforming,Off,1,1,NULL,NULL,1,NULL,NULL,1,.01,NULL,NULL,NULL,NULL,NULL,NULL,NULL,NULL,NULL,NULL,999,.0001,0,NULL,Off,Off,0,0,NULL,NULL,NULL,NULL,NULL,NULL,NULL,NULL,NULL,NULL,NULL,NULL,Off,2190795,3.975,1.0393,Yes,NULL,Yes,NULL,NULL,NULL,NULL,NULL,1,324502,3452,NULL,NULL,3,+,In/Out,Normal,NULL,38,10300,NULL,3,+,In/Out,Normal,NULL,37,123391,NULL,10,+,Out,Block,NULL,263,123388,NULL,NULL,NULL,NULL,NULL,NULL,NULL,NULL,NULL,NULL,NULL,NULL,NULL,NULL,NULL,NULL,NULL,NULL,NULL,NULL,NULL,
5286,TRAPPER,No,Yes,Yes,60,0,.015,0,Conforming,Off,1,1,NULL,NULL,1,NULL,NULL,1,.01,NULL,NULL,NULL,NULL,NULL,NULL,NULL,NULL,NULL,NULL,999,.0001,0,NULL,Off,Off,0,0,NULL,NULL,NULL,NULL,NULL,NULL,NULL,NULL,NULL,NULL,NULL,NULL,Off,2190596,7.42,.0611,Yes,NULL,Yes,NULL,NULL,NULL,NULL,NULL,1,324503,3452,NULL,NULL,3,+,In/Out,Normal,NULL,30,10301,NULL,3,+,In/Out,Normal,NULL,11,123396,NULL,10,+,Out,Block,NULL,263,123393,NULL,NULL,NULL,NULL,NULL,NULL,NULL,NULL,NULL,NULL,NULL,NULL,NULL,NULL,NULL,NULL,NULL,NULL,NULL,NULL,NULL,
5287,BOWIE,No,Yes,Yes,61,0,.015,0,Conforming,Off,1,1,NULL,NULL,1,NULL,NULL,1,.01,NULL,NULL,NULL,NULL,NULL,NULL,NULL,NULL,NULL,NULL,999,.0001,0,NULL,Off,Off,0,0,NULL,NULL,NULL,NULL,NULL,NULL,NULL,NULL,NULL,NULL,NULL,NULL,Off,2137915,4.505,.4891,Yes,NULL,Yes,NULL,NULL,NULL,NULL,NULL,1,324504,3452,NULL,NULL,3,+,In/Out,Normal,NULL,43,10302,NULL,3,+,In/Out,Normal,NULL,3,123401,NULL,10,+,Out,Block,NULL,263,123398,NULL,NULL,NULL,NULL,NULL,NULL,NULL,NULL,NULL,NULL,NULL,NULL,NULL,NULL,NULL,NULL,NULL,NULL,NULL,NULL,NULL,
5288,CODY,No,Yes,Yes,62,0,.015,0,Conforming,Off,1,1,NULL,NULL,1,NULL,NULL,1,.01,NULL,NULL,NULL,NULL,NULL,NULL,NULL,NULL,NULL,NULL,999,.0001,0,NULL,Off,Off,0,0,NULL,NULL,NULL,NULL,NULL,NULL,NULL,NULL,NULL,NULL,NULL,NULL,Off,2147414,5.9625,1.1616,Yes,NULL,Yes,NULL,NULL,NULL,NULL,NULL,1,324505,3452,NULL,NULL,3,+,In/Out,Normal,NULL,77,10303,NULL,3,+,In/Out,Normal,NULL,33,123406,NULL,10,+,Out,Block,NULL,263,123403,NULL,NULL,NULL,NULL,NULL,NULL,NULL,NULL,NULL,NULL,NULL,NULL,NULL,NULL,NULL,NULL,NULL,NULL,NULL,NULL,NULL,
5289,PIUMA,No,Yes,Yes,51,0,.015,0,Conforming,Off,1,1,NULL,NULL,1,NULL,NULL,1,.01,NULL,NULL,NULL,NULL,NULL,NULL,NULL,NULL,NULL,NULL,999,.0001,0,NULL,Off,Off,0,0,NULL,NULL,NULL,NULL,NULL,NULL,NULL,NULL,NULL,NULL,NULL,NULL,Off,2179639,.6625,.1834,Yes,NULL,Yes,NULL,NULL,NULL,NULL,NULL,1,324513,3453,NULL,NULL,3,+,In/Out,Normal,NULL,78,10304,NULL,3,+,In/Out,Normal,NULL,45,123411,NULL,10,+,Out,Block,NULL,263,123408,NULL,NULL,NULL,NULL,NULL,NULL,NULL,NULL,NULL,NULL,NULL,NULL,NULL,NULL,NULL,NULL,NULL,NULL,NULL,NULL,NULL,
5290,DOHN,No,Yes,Yes,55,0,.015,0,Conforming,Off,1,1,NULL,NULL,1,NULL,NULL,1,.01,NULL,NULL,NULL,NULL,NULL,NULL,NULL,NULL,NULL,NULL,999,.0001,0,NULL,Off,Off,0,0,NULL,NULL,NULL,NULL,NULL,NULL,NULL,NULL,NULL,NULL,NULL,NULL,Off,2146483,.6625,.0611,Yes,NULL,Yes,NULL,NULL,NULL,NULL,NULL,1,324514,3453,NULL,NULL,3,+,In/Out,Normal,NULL,79,10305,NULL,3,+,In/Out,Normal,NULL,45,123425,NULL,10,+,Out,Block,NULL,263,123422,NULL,NULL,NULL,NULL,NULL,NULL,NULL,NULL,NULL,NULL,NULL,NULL,NULL,NULL,NULL,NULL,NULL,NULL,NULL,NULL,NULL,
5291,HOUGHTON,No,Yes,Yes,56,0,.015,0,Conforming,Off,1,1,NULL,NULL,1,NULL,NULL,1,.01,NULL,NULL,NULL,NULL,NULL,NULL,NULL,NULL,NULL,NULL,999,.0001,0,NULL,Off,Off,0,0,NULL,NULL,NULL,NULL,NULL,NULL,NULL,NULL,NULL,NULL,NULL,NULL,Off,2178321,.6625,.3057,Yes,NULL,Yes,NULL,NULL,NULL,NULL,NULL,1,324515,3453,NULL,NULL,3,+,In/Out,Normal,NULL,80,10306,NULL,3,+,In/Out,Normal,NULL,46,123433,NULL,10,+,Out,Block,NULL,263,123430,NULL,NULL,NULL,NULL,NULL,NULL,NULL,NULL,NULL,NULL,NULL,NULL,NULL,NULL,NULL,NULL,NULL,NULL,NULL,NULL,NULL,
5292,EXCELSIOR,No,Yes,Yes,57,0,.015,0,Conforming,Off,1,1,NULL,NULL,1,NULL,NULL,1,.01,NULL,NULL,NULL,NULL,NULL,NULL,NULL,NULL,NULL,NULL,999,.0001,0,NULL,Off,Off,0,0,NULL,NULL,NULL,NULL,NULL,NULL,NULL,NULL,NULL,NULL,NULL,NULL,Off,2171098,.6625,.3057,Yes,NULL,Yes,NULL,NULL,NULL,NULL,NULL,1,324516,3453,NULL,NULL,3,+,In/Out,Normal,NULL,81,10307,NULL,3,+,In/Out,Normal,NULL,47,123441,NULL,10,+,Out,Block,NULL,263,123438,NULL,NULL,NULL,NULL,NULL,NULL,NULL,NULL,NULL,NULL,NULL,NULL,NULL,NULL,NULL,NULL,NULL,NULL,NULL,NULL,NULL,
5293,LEFFINGWELL,No,Yes,Yes,2,0,.015,0,Conforming,Off,1,1,NULL,NULL,1,NULL,NULL,1,.01,NULL,NULL,NULL,NULL,NULL,NULL,NULL,NULL,NULL,NULL,999,.0001,0,NULL,Off,Off,0,0,NULL,NULL,NULL,NULL,NULL,NULL,NULL,NULL,NULL,NULL,NULL,NULL,Off,2182287,4.7,-2,Yes,NULL,Yes,NULL,NULL,NULL,NULL,NULL,1,325836,3454,NULL,NULL,3,+,In/Out,Normal,NULL,19,217008,NULL,3,+,In/Out,Normal,NULL,10,124040,NULL,10,+,Out,Block,NULL,7,124037,NULL,NULL,NULL,NULL,NULL,NULL,NULL,NULL,NULL,NULL,NULL,NULL,NULL,NULL,NULL,NULL,NULL,NULL,NULL,NULL,NULL,
5294,PAINTER,No,Yes,Yes,4,0,.015,0,Conforming,Off,1,1,NULL,NULL,1,NULL,NULL,1,.01,NULL,NULL,NULL,NULL,NULL,NULL,NULL,NULL,NULL,NULL,999,.0001,0,NULL,Off,Off,0,0,NULL,NULL,NULL,NULL,NULL,NULL,NULL,NULL,NULL,NULL,NULL,NULL,Off,2189775,5.4,-1.2,Yes,NULL,Yes,NULL,NULL,NULL,NULL,NULL,1,325837,3454,NULL,NULL,3,+,In/Out,Normal,NULL,91,217009,NULL,3,+,In/Out,Normal,NULL,83,124045,NULL,10,+,Out,Block,NULL,97,124042,NULL,NULL,NULL,NULL,NULL,NULL,NULL,NULL,NULL,NULL,NULL,NULL,NULL,NULL,NULL,NULL,NULL,NULL,NULL,NULL,NULL,
5295,NELLES,No,Yes,Yes,5,0,.015,0,Conforming,Off,1,1,NULL,NULL,1,NULL,NULL,1,.01,NULL,NULL,NULL,NULL,NULL,NULL,NULL,NULL,NULL,NULL,999,.0001,0,NULL,Off,Off,0,0,NULL,NULL,NULL,NULL,NULL,NULL,NULL,NULL,NULL,NULL,NULL,NULL,Off,2178428,5.5,-.2,Yes,NULL,Yes,NULL,NULL,NULL,NULL,NULL,1,325838,3454,NULL,NULL,3,+,In/Out,Normal,NULL,400,1970,NULL,3,+,In/Out,Normal,NULL,198,124050,NULL,10,+,Out,Block,NULL,7,124047,NULL,NULL,NULL,NULL,NULL,NULL,NULL,NULL,NULL,NULL,NULL,NULL,NULL,NULL,NULL,NULL,NULL,NULL,NULL,NULL,NULL,
5296,NORTON,No,Yes,Yes,7,0,.015,0,Conforming,Off,1,1,NULL,NULL,1,NULL,NULL,1,.01,NULL,NULL,NULL,NULL,NULL,NULL,NULL,NULL,NULL,NULL,999,.0001,0,NULL,Off,Off,0,0,NULL,NULL,NULL,NULL,NULL,NULL,NULL,NULL,NULL,NULL,NULL,NULL,Off,2181894,3.8,-2.5,Yes,NULL,Yes,NULL,NULL,NULL,NULL,NULL,1,325839,3454,NULL,NULL,3,+,In/Out,Normal,NULL,88,1971,NULL,3,+,In/Out,Normal,NULL,77,124055,NULL,10,+,Out,Block,NULL,7,124052,NULL,NULL,NULL,NULL,NULL,NULL,NULL,NULL,NULL,NULL,NULL,NULL,NULL,NULL,NULL,NULL,NULL,NULL,NULL,NULL,NULL,
5297,MILL,No,Yes,Yes,8,0,.015,0,Conforming,Off,1,1,NULL,NULL,1,NULL,NULL,1,.01,NULL,NULL,NULL,NULL,NULL,NULL,NULL,NULL,NULL,NULL,999,.0001,0,NULL,Off,Off,0,0,NULL,NULL,NULL,NULL,NULL,NULL,NULL,NULL,NULL,NULL,NULL,NULL,Off,2185648,5.9,1.1,Yes,NULL,Yes,NULL,NULL,NULL,NULL,NULL,1,325840,3454,NULL,NULL,3,+,In/Out,Normal,NULL,17,1972,NULL,3,+,In/Out,Normal,NULL,10,124060,NULL,10,+,Out,Block,NULL,7,124057,NULL,NULL,NULL,NULL,NULL,NULL,NULL,NULL,NULL,NULL,NULL,NULL,NULL,NULL,NULL,NULL,NULL,NULL,NULL,NULL,NULL,
5298,HEDGE,No,Yes,Yes,10,0,.015,0,Conforming,Off,1,1,NULL,NULL,1,NULL,NULL,1,.01,NULL,NULL,NULL,NULL,NULL,NULL,NULL,NULL,NULL,NULL,999,.0001,0,NULL,Off,Off,0,0,NULL,NULL,NULL,NULL,NULL,NULL,NULL,NULL,NULL,NULL,NULL,NULL,Off,2166111,3.4,-.4,Yes,NULL,Yes,NULL,NULL,NULL,NULL,NULL,1,325841,3454,NULL,NULL,3,+,In/Out,Normal,NULL,500,1973,NULL,3,+,In/Out,Normal,NULL,78,124065,NULL,10,+,Out,Block,NULL,7,124062,NULL,NULL,NULL,NULL,NULL,NULL,NULL,NULL,NULL,NULL,NULL,NULL,NULL,NULL,NULL,NULL,NULL,NULL,NULL,NULL,NULL,
5299,UNION,No,Yes,Yes,11,0,.015,0,Conforming,Off,1,1,NULL,NULL,1,NULL,NULL,1,.01,NULL,NULL,NULL,NULL,NULL,NULL,NULL,NULL,NULL,NULL,999,.0001,0,NULL,Off,Off,0,0,NULL,NULL,NULL,NULL,NULL,NULL,NULL,NULL,NULL,NULL,NULL,NULL,Off,2190998,6.7,1,Yes,NULL,Yes,NULL,NULL,NULL,NULL,NULL,1,325842,3454,NULL,NULL,3,+,In/Out,Normal,NULL,12,1974,NULL,3,+,In/Out,Normal,NULL,3,124070,NULL,10,+,Out,Block,NULL,7,124067,NULL,NULL,NULL,NULL,NULL,NULL,NULL,NULL,NULL,NULL,NULL,NULL,NULL,NULL,NULL,NULL,NULL,NULL,NULL,NULL,NULL,
5300,DOLAN,No,Yes,Yes,12,0,.015,0,Conforming,Off,1,1,NULL,NULL,1,NULL,NULL,1,.01,NULL,NULL,NULL,NULL,NULL,NULL,NULL,NULL,NULL,NULL,999,.0001,0,NULL,Off,Off,0,0,NULL,NULL,NULL,NULL,NULL,NULL,NULL,NULL,NULL,NULL,NULL,NULL,Off,2167029,3.7,.8,Yes,NULL,Yes,NULL,NULL,NULL,NULL,NULL,1,325843,3454,NULL,NULL,3,+,In/Out,Normal,NULL,400,1975,NULL,3,+,In/Out,Normal,NULL,7,124075,NULL,10,+,Out,Block,NULL,7,124072,NULL,NULL,NULL,NULL,NULL,NULL,NULL,NULL,NULL,NULL,NULL,NULL,NULL,NULL,NULL,NULL,NULL,NULL,NULL,NULL,NULL,
5301,OIL,No,Yes,Yes,13,0,.015,0,Conforming,Off,1,1,NULL,NULL,1,NULL,NULL,1,.01,NULL,NULL,NULL,NULL,NULL,NULL,NULL,NULL,NULL,NULL,999,.0001,0,NULL,Off,Off,0,0,NULL,NULL,NULL,NULL,NULL,NULL,NULL,NULL,NULL,NULL,NULL,NULL,Off,2187468,5.2,1.4,Yes,NULL,Yes,NULL,NULL,NULL,NULL,NULL,1,325844,3454,NULL,NULL,3,+,In/Out,Normal,NULL,780,1976,NULL,3,+,In/Out,Normal,NULL,63,124080,NULL,10,+,Out,Block,NULL,7,124077,NULL,NULL,NULL,NULL,NULL,NULL,NULL,NULL,NULL,NULL,NULL,NULL,NULL,NULL,NULL,NULL,NULL,NULL,NULL,NULL,NULL,
5302,STARBUCK,No,Yes,Yes,14,0,.015,0,Conforming,Off,1,1,NULL,NULL,1,NULL,NULL,1,.01,NULL,NULL,NULL,NULL,NULL,NULL,NULL,NULL,NULL,NULL,999,.0001,0,NULL,Off,Off,0,0,NULL,NULL,NULL,NULL,NULL,NULL,NULL,NULL,NULL,NULL,NULL,NULL,Off,2190850,1.4,1.3,Yes,NULL,Yes,NULL,NULL,NULL,NULL,NULL,1,325845,3454,NULL,NULL,3,+,In/Out,Normal,NULL,81,1977,NULL,3,+,In/Out,Normal,NULL,793,124085,NULL,10,+,Out,Block,NULL,7,124082,NULL,NULL,NULL,NULL,NULL,NULL,NULL,NULL,NULL,NULL,NULL,NULL,NULL,NULL,NULL,NULL,NULL,NULL,NULL,NULL,NULL,
5303,MYSTIC,No,Yes,Yes,15,0,.015,0,Conforming,Off,1,1,NULL,NULL,1,NULL,NULL,1,.01,NULL,NULL,NULL,NULL,NULL,NULL,NULL,NULL,NULL,NULL,999,.0001,0,NULL,Off,Off,0,0,NULL,NULL,NULL,NULL,NULL,NULL,NULL,NULL,NULL,NULL,NULL,NULL,Off,2181734,3.4,1,Yes,NULL,Yes,NULL,NULL,NULL,NULL,NULL,1,325846,3454,NULL,NULL,3,+,In/Out,Normal,NULL,61,1978,NULL,3,+,In/Out,Normal,NULL,43,124090,NULL,10,+,Out,Block,NULL,7,124087,NULL,NULL,NULL,NULL,NULL,NULL,NULL,NULL,NULL,NULL,NULL,NULL,NULL,NULL,NULL,NULL,NULL,NULL,NULL,NULL,NULL,
5304,FRIENDS,No,Yes,Yes,16,0,.015,0,Conforming,Off,1,1,NULL,NULL,1,NULL,NULL,1,.01,NULL,NULL,NULL,NULL,NULL,NULL,NULL,NULL,NULL,NULL,999,.0001,0,NULL,Off,Off,0,0,NULL,NULL,NULL,NULL,NULL,NULL,NULL,NULL,NULL,NULL,NULL,NULL,Off,2159871,4.9,-3.5,Yes,NULL,Yes,NULL,NULL,NULL,NULL,NULL,1,325847,3454,NULL,NULL,3,+,In/Out,Normal,NULL,81,1979,NULL,3,+,In/Out,Normal,NULL,93,124095,NULL,10,+,Out,Block,NULL,7,124092,NULL,NULL,NULL,NULL,NULL,NULL,NULL,NULL,NULL,NULL,NULL,NULL,NULL,NULL,NULL,NULL,NULL,NULL,NULL,NULL,NULL,
5305,LAIRD,No,Yes,Yes,17,0,.015,0,Conforming,Off,1,1,NULL,NULL,1,NULL,NULL,1,.01,NULL,NULL,NULL,NULL,NULL,NULL,NULL,NULL,NULL,NULL,999,.0001,0,NULL,Off,Off,0,0,NULL,NULL,NULL,NULL,NULL,NULL,NULL,NULL,NULL,NULL,NULL,NULL,Off,2164249,6,.6,Yes,NULL,Yes,NULL,NULL,NULL,NULL,NULL,1,325848,3454,NULL,NULL,3,+,In/Out,Normal,NULL,12,1981,NULL,3,+,In/Out,Normal,NULL,4,119251,NULL,10,+,Out,Block,NULL,7,119248,NULL,NULL,NULL,NULL,NULL,NULL,NULL,NULL,NULL,NULL,NULL,NULL,NULL,NULL,NULL,NULL,NULL,NULL,NULL,NULL,NULL,
5306,DOERNER,No,Yes,Yes,18,0,.015,0,Conforming,Off,1,1,NULL,NULL,1,NULL,NULL,1,.01,NULL,NULL,NULL,NULL,NULL,NULL,NULL,NULL,NULL,NULL,999,.0001,0,NULL,Off,Off,0,0,NULL,NULL,NULL,NULL,NULL,NULL,NULL,NULL,NULL,NULL,NULL,NULL,Off,2145320,4.6,.9,Yes,NULL,Yes,NULL,NULL,NULL,NULL,NULL,1,325849,3454,NULL,NULL,3,+,In/Out,Normal,NULL,61,1982,NULL,3,+,In/Out,Normal,NULL,13,119256,NULL,10,+,Out,Block,NULL,7,119253,NULL,NULL,NULL,NULL,NULL,NULL,NULL,NULL,NULL,NULL,NULL,NULL,NULL,NULL,NULL,NULL,NULL,NULL,NULL,NULL,NULL,
5326,WALTER,No,Yes,Yes,51,0,.015,0,Conforming,Off,1,1,NULL,NULL,1,NULL,NULL,1,.01,NULL,NULL,NULL,NULL,NULL,NULL,NULL,NULL,NULL,NULL,999,.0001,0,NULL,Off,Off,0,0,NULL,NULL,NULL,NULL,NULL,NULL,NULL,NULL,NULL,NULL,NULL,NULL,Off,2190676,5.946981401,-.055044444,Yes,NULL,Yes,NULL,NULL,NULL,NULL,NULL,1,324553,3462,NULL,NULL,3,+,In/Out,Normal,NULL,1,221876,NULL,3,+,In/Out,Normal,NULL,23,124717,NULL,10,+,Out,Block,NULL,263,124714,NULL,NULL,NULL,NULL,NULL,NULL,NULL,NULL,NULL,NULL,NULL,NULL,NULL,NULL,NULL,NULL,NULL,NULL,NULL,NULL,NULL,
5327,EMORY,No,Yes,Yes,200,0,.015,0,Conforming,Off,1,1,NULL,NULL,1,NULL,NULL,1,.01,NULL,NULL,NULL,NULL,NULL,NULL,NULL,NULL,NULL,NULL,999,.0001,0,NULL,Off,Off,0,0,NULL,NULL,NULL,NULL,NULL,NULL,NULL,NULL,NULL,NULL,NULL,NULL,Off,2148490,5.022864419,1.045844444,Yes,NULL,Yes,NULL,NULL,NULL,NULL,NULL,1,324554,3462,NULL,NULL,NULL,NULL,NULL,NULL,NULL,NULL,NULL,NULL,NULL,NULL,NULL,NULL,NULL,NULL,NULL,NULL,NULL,NULL,NULL,NULL,NULL,NULL,NULL,NULL,NULL,NULL,NULL,NULL,NULL,NULL,NULL,NULL,NULL,NULL,NULL,NULL,NULL,NULL,NULL,NULL,NULL,NULL,NULL,NULL,
5328,CLIFFORD,No,Yes,Yes,54,0,.015,0,Conforming,Off,1,1,NULL,NULL,1,NULL,NULL,1,.01,NULL,NULL,NULL,NULL,NULL,NULL,NULL,NULL,NULL,NULL,999,.0001,0,NULL,Off,Off,0,0,NULL,NULL,NULL,NULL,NULL,NULL,NULL,NULL,NULL,NULL,NULL,NULL,Off,2157664,4.749433715,.275222222,Yes,NULL,Yes,NULL,NULL,NULL,NULL,NULL,1,324555,3462,NULL,NULL,3,+,In/Out,Normal,NULL,1,221878,NULL,3,+,In/Out,Normal,NULL,43,124727,NULL,10,+,Out,Block,NULL,263,124724,NULL,NULL,NULL,NULL,NULL,NULL,NULL,NULL,NULL,NULL,NULL,NULL,NULL,NULL,NULL,NULL,NULL,NULL,NULL,NULL,NULL,
5329,RODNEY,No,Yes,Yes,210,0,.015,0,Conforming,Off,1,1,NULL,NULL,1,NULL,NULL,1,.01,NULL,NULL,NULL,NULL,NULL,NULL,NULL,NULL,NULL,NULL,999,.0001,0,NULL,Off,Off,0,0,NULL,NULL,NULL,NULL,NULL,NULL,NULL,NULL,NULL,NULL,NULL,NULL,Off,2186546,4.757644366,1.321066667,Yes,NULL,Yes,NULL,NULL,NULL,NULL,NULL,1,324556,3462,NULL,NULL,NULL,NULL,NULL,NULL,NULL,NULL,NULL,NULL,NULL,NULL,NULL,NULL,NULL,NULL,NULL,NULL,NULL,NULL,NULL,NULL,NULL,NULL,NULL,NULL,NULL,NULL,NULL,NULL,NULL,NULL,NULL,NULL,NULL,NULL,NULL,NULL,NULL,NULL,NULL,NULL,NULL,NULL,NULL,NULL,
5330,WILLIAM,No,Yes,Yes,220,0,.015,0,Conforming,Off,1,1,NULL,NULL,1,NULL,NULL,1,.01,NULL,NULL,NULL,NULL,NULL,NULL,NULL,NULL,NULL,NULL,999,.0001,0,NULL,Off,Off,0,0,NULL,NULL,NULL,NULL,NULL,NULL,NULL,NULL,NULL,NULL,NULL,NULL,Off,2188843,5.145922541,.715577778,Yes,NULL,Yes,NULL,NULL,NULL,NULL,NULL,1,324557,3462,NULL,NULL,NULL,NULL,NULL,NULL,NULL,NULL,NULL,NULL,NULL,NULL,NULL,NULL,NULL,NULL,NULL,NULL,NULL,NULL,NULL,NULL,NULL,NULL,NULL,NULL,NULL,NULL,NULL,NULL,NULL,NULL,NULL,NULL,NULL,NULL,NULL,NULL,NULL,NULL,NULL,NULL,NULL,NULL,NULL,NULL,
5331,DONALD,No,Yes,Yes,59,0,.015,0,Conforming,Off,1,1,NULL,NULL,1,NULL,NULL,1,.01,NULL,NULL,NULL,NULL,NULL,NULL,NULL,NULL,NULL,NULL,999,.0001,0,NULL,Off,Off,0,0,NULL,NULL,NULL,NULL,NULL,NULL,NULL,NULL,NULL,NULL,NULL,NULL,Off,2154619,7.457191182,-.220177778,Yes,NULL,Yes,NULL,NULL,NULL,NULL,NULL,1,324558,3462,NULL,NULL,3,+,In/Out,Normal,NULL,1,221881,NULL,3,+,In/Out,Normal,NULL,67,124748,NULL,10,+,Out,Block,NULL,263,124745,NULL,NULL,NULL,NULL,NULL,NULL,NULL,NULL,NULL,NULL,NULL,NULL,NULL,NULL,NULL,NULL,NULL,NULL,NULL,NULL,NULL,
5332,KORDELL,No,Yes,Yes,60,0,.015,0,Conforming,Off,1,1,NULL,NULL,1,NULL,NULL,1,.01,NULL,NULL,NULL,NULL,NULL,NULL,NULL,NULL,NULL,NULL,999,.0001,0,NULL,Off,Off,0,0,NULL,NULL,NULL,NULL,NULL,NULL,NULL,NULL,NULL,NULL,NULL,NULL,Off,2181559,4.391223766,.110088889,Yes,NULL,Yes,NULL,NULL,NULL,NULL,NULL,1,324559,3462,NULL,NULL,3,+,In/Out,Normal,NULL,1,221882,NULL,3,+,In/Out,Normal,NULL,453,124753,NULL,10,+,Out,Block,NULL,263,124750,NULL,NULL,NULL,NULL,NULL,NULL,NULL,NULL,NULL,NULL,NULL,NULL,NULL,NULL,NULL,NULL,NULL,NULL,NULL,NULL,NULL,
5333,JIMMY,No,Yes,Yes,61,0,.015,0,Conforming,Off,1,1,NULL,NULL,1,NULL,NULL,1,.01,NULL,NULL,NULL,NULL,NULL,NULL,NULL,NULL,NULL,NULL,999,.0001,0,NULL,Off,Off,0,0,NULL,NULL,NULL,NULL,NULL,NULL,NULL,NULL,NULL,NULL,NULL,NULL,Off,2180541,7.93973861,2.256822222,Yes,NULL,Yes,NULL,NULL,NULL,NULL,NULL,1,324560,3462,NULL,NULL,3,+,In/Out,Normal,NULL,1,221883,NULL,3,+,In/Out,Normal,NULL,233,124758,NULL,10,+,Out,Block,NULL,263,124755,NULL,NULL,NULL,NULL,NULL,NULL,NULL,NULL,NULL,NULL,NULL,NULL,NULL,NULL,NULL,NULL,NULL,NULL,NULL,NULL,NULL,
7071,OTTO,No,Yes,Yes,3,0,.015,0,Conforming,Off,1,1,NULL,NULL,1,NULL,NULL,1,.01,NULL,NULL,NULL,NULL,NULL,NULL,NULL,NULL,NULL,NULL,999,.0001,0,NULL,Off,Off,0,0,NULL,NULL,NULL,NULL,NULL,NULL,NULL,NULL,NULL,NULL,NULL,NULL,Off,2182533,.6,.2,Yes,NULL,No,NULL,NULL,NULL,NULL,NULL,NULL,326496,4013,NULL,NULL,3,+,In/Out,Normal,NULL,1,218663,NULL,3,+,In/Out,Normal,NULL,2,218664,NULL,10,+,Out,Block,NULL,3,218660,NULL,NULL,NULL,NULL,NULL,NULL,NULL,NULL,NULL,NULL,NULL,NULL,NULL,NULL,NULL,NULL,NULL,NULL,NULL,NULL,NULL,
7072,AVON,No,Yes,Yes,6,0,.015,0,Conforming,Off,1,1,NULL,NULL,1,NULL,NULL,1,.01,NULL,NULL,NULL,NULL,NULL,NULL,NULL,NULL,NULL,NULL,999,.0001,0,NULL,Off,Off,0,0,NULL,NULL,NULL,NULL,NULL,NULL,NULL,NULL,NULL,NULL,NULL,NULL,Off,2132710,.6,.2,Yes,NULL,No,NULL,NULL,NULL,NULL,NULL,NULL,326497,4013,NULL,NULL,3,+,In/Out,Normal,NULL,1,218678,NULL,3,+,In/Out,Normal,NULL,2,218679,NULL,10,+,Out,Block,NULL,3,218675,NULL,NULL,NULL,NULL,NULL,NULL,NULL,NULL,NULL,NULL,NULL,NULL,NULL,NULL,NULL,NULL,NULL,NULL,NULL,NULL,NULL,
7073,PANGBORN,No,Yes,Yes,8,0,.015,0,Conforming,Off,1,1,NULL,NULL,1,NULL,NULL,1,.01,NULL,NULL,NULL,NULL,NULL,NULL,NULL,NULL,NULL,NULL,999,.0001,0,NULL,Off,Off,0,0,NULL,NULL,NULL,NULL,NULL,NULL,NULL,NULL,NULL,NULL,NULL,NULL,Off,2179244,.3,.1,Yes,NULL,No,NULL,NULL,NULL,NULL,NULL,NULL,326498,4013,NULL,NULL,3,+,In/Out,Normal,NULL,1,218693,NULL,3,+,In/Out,Normal,NULL,2,218694,NULL,10,+,Out,Block,NULL,3,218690,NULL,NULL,NULL,NULL,NULL,NULL,NULL,NULL,NULL,NULL,NULL,NULL,NULL,NULL,NULL,NULL,NULL,NULL,NULL,NULL,NULL,
7074,PARAMOUNT,No,Yes,Yes,9,0,.015,0,Conforming,Off,1,1,NULL,NULL,1,NULL,NULL,1,.01,NULL,NULL,NULL,NULL,NULL,NULL,NULL,NULL,NULL,NULL,999,.0001,0,NULL,Off,Off,0,0,NULL,NULL,NULL,NULL,NULL,NULL,NULL,NULL,NULL,NULL,NULL,NULL,Off,2189858,.4,-.2,Yes,NULL,No,NULL,NULL,NULL,NULL,NULL,NULL,326499,4013,NULL,NULL,3,+,In/Out,Normal,NULL,1,218702,NULL,3,+,In/Out,Normal,NULL,2,218703,NULL,10,+,Out,Block,NULL,3,218699,NULL,NULL,NULL,NULL,NULL,NULL,NULL,NULL,NULL,NULL,NULL,NULL,NULL,NULL,NULL,NULL,NULL,NULL,NULL,NULL,NULL,
7075,RIVES,No,Yes,Yes,11,0,.015,0,Conforming,Off,1,1,NULL,NULL,1,NULL,NULL,1,.01,NULL,NULL,NULL,NULL,NULL,NULL,NULL,NULL,NULL,NULL,999,.0001,0,NULL,Off,Off,0,0,NULL,NULL,NULL,NULL,NULL,NULL,NULL,NULL,NULL,NULL,NULL,NULL,Off,2190562,.4,-.2,Yes,NULL,No,NULL,NULL,NULL,NULL,NULL,NULL,326500,4013,NULL,NULL,3,+,In/Out,Normal,NULL,1,218711,NULL,3,+,In/Out,Normal,NULL,2,218712,NULL,10,+,Out,Block,NULL,3,218708,NULL,NULL,NULL,NULL,NULL,NULL,NULL,NULL,NULL,NULL,NULL,NULL,NULL,NULL,NULL,NULL,NULL,NULL,NULL,NULL,NULL,
7080,NASH,No,Yes,Yes,2,0,.015,0,Conforming,Off,1,1,NULL,NULL,1,NULL,NULL,1,.01,NULL,NULL,NULL,NULL,NULL,NULL,NULL,NULL,NULL,NULL,999,.0001,0,NULL,Off,Off,0,0,NULL,NULL,NULL,NULL,NULL,NULL,NULL,NULL,NULL,NULL,NULL,NULL,Off,2186388,.6,.1,Yes,NULL,No,NULL,NULL,NULL,NULL,NULL,NULL,326501,4013,NULL,NULL,3,+,In/Out,Normal,NULL,1,218654,NULL,3,+,In/Out,Normal,NULL,2,218655,NULL,10,+,Out,Block,NULL,3,218651,NULL,NULL,NULL,NULL,NULL,NULL,NULL,NULL,NULL,NULL,NULL,NULL,NULL,NULL,NULL,NULL,NULL,NULL,NULL,NULL,NULL,
9007,MILLERGROVE,No,Yes,Yes,2,0,.015,0,Conforming,Off,1,1,NULL,NULL,1,NULL,NULL,1,.01,NULL,NULL,NULL,NULL,NULL,NULL,NULL,NULL,NULL,NULL,999,.0001,0,NULL,Off,Off,0,0,NULL,NULL,NULL,NULL,NULL,NULL,NULL,NULL,NULL,NULL,NULL,NULL,Off,2185719,2.6,-1.3,Yes,NULL,Yes,NULL,NULL,NULL,NULL,NULL,NULL,321421,4201,NULL,NULL,3,+,In/Out,Normal,NULL,1,217681,NULL,3,+,In/Out,Normal,NULL,1,217682,NULL,10,+,Out,Block,NULL,504,217678,NULL,NULL,NULL,NULL,NULL,NULL,NULL,NULL,NULL,NULL,NULL,NULL,NULL,NULL,NULL,NULL,NULL,NULL,NULL,NULL,NULL,
9008,DECOSTA,No,Yes,Yes,4,0,.015,0,Conforming,Off,1,1,NULL,NULL,1,NULL,NULL,1,.01,NULL,NULL,NULL,NULL,NULL,NULL,NULL,NULL,NULL,NULL,999,.0001,0,NULL,Off,Off,0,0,NULL,NULL,NULL,NULL,NULL,NULL,NULL,NULL,NULL,NULL,NULL,NULL,Off,2150117,2.9,-1.2,Yes,NULL,Yes,NULL,NULL,NULL,NULL,NULL,NULL,321422,4201,NULL,NULL,3,+,In/Out,Normal,NULL,1,217687,NULL,3,+,In/Out,Normal,NULL,1,217688,NULL,10,+,Out,Block,NULL,504,217684,NULL,NULL,NULL,NULL,NULL,NULL,NULL,NULL,NULL,NULL,NULL,NULL,NULL,NULL,NULL,NULL,NULL,NULL,NULL,NULL,NULL,
9009,JAYBLUE,No,Yes,Yes,6,0,.015,0,Conforming,Off,1,1,NULL,NULL,1,NULL,NULL,1,.01,NULL,NULL,NULL,NULL,NULL,NULL,NULL,NULL,NULL,NULL,999,.0001,0,NULL,Off,Off,0,0,NULL,NULL,NULL,NULL,NULL,NULL,NULL,NULL,NULL,NULL,NULL,NULL,Off,2162581,4.3,1.6,Yes,NULL,Yes,NULL,NULL,NULL,NULL,NULL,NULL,321423,4201,NULL,NULL,3,+,In/Out,Normal,NULL,1,217693,NULL,3,+,In/Out,Normal,NULL,1,217694,NULL,10,+,Out,Block,NULL,504,217690,NULL,NULL,NULL,NULL,NULL,NULL,NULL,NULL,NULL,NULL,NULL,NULL,NULL,NULL,NULL,NULL,NULL,NULL,NULL,NULL,NULL,
9010,TERRADELL,No,Yes,Yes,7,0,.015,0,Conforming,Off,1,1,NULL,NULL,1,NULL,NULL,1,.01,NULL,NULL,NULL,NULL,NULL,NULL,NULL,NULL,NULL,NULL,999,.0001,0,NULL,Off,Off,0,0,NULL,NULL,NULL,NULL,NULL,NULL,NULL,NULL,NULL,NULL,NULL,NULL,Off,2188021,2,.5,Yes,NULL,Yes,NULL,NULL,NULL,NULL,NULL,NULL,321424,4201,NULL,NULL,3,+,In/Out,Normal,NULL,1,217699,NULL,3,+,In/Out,Normal,NULL,1,217700,NULL,10,+,Out,Block,NULL,504,217696,NULL,NULL,NULL,NULL,NULL,NULL,NULL,NULL,NULL,NULL,NULL,NULL,NULL,NULL,NULL,NULL,NULL,NULL,NULL,NULL,NULL,
9011,ALBURTIS,No,Yes,Yes,8,0,.015,0,Conforming,Off,1,1,NULL,NULL,1,NULL,NULL,1,.01,NULL,NULL,NULL,NULL,NULL,NULL,NULL,NULL,NULL,NULL,999,.0001,0,NULL,Off,Off,0,0,NULL,NULL,NULL,NULL,NULL,NULL,NULL,NULL,NULL,NULL,NULL,NULL,Off,2131545,1.8,-1.8,Yes,NULL,Yes,NULL,NULL,NULL,NULL,NULL,NULL,321425,4201,NULL,NULL,3,+,In/Out,Normal,NULL,1,217705,NULL,3,+,In/Out,Normal,NULL,1,217706,NULL,10,+,Out,Block,NULL,504,217702,NULL,NULL,NULL,NULL,NULL,NULL,NULL,NULL,NULL,NULL,NULL,NULL,NULL,NULL,NULL,NULL,NULL,NULL,NULL,NULL,NULL,
9012,VICKI,No,Yes,Yes,10,0,.015,0,Conforming,Off,1,1,NULL,NULL,1,NULL,NULL,1,.01,NULL,NULL,NULL,NULL,NULL,NULL,NULL,NULL,NULL,NULL,999,.0001,0,NULL,Off,Off,0,0,NULL,NULL,NULL,NULL,NULL,NULL,NULL,NULL,NULL,NULL,NULL,NULL,Off,2191010,2.6,.6,Yes,NULL,Yes,NULL,NULL,NULL,NULL,NULL,NULL,321426,4201,NULL,NULL,3,+,In/Out,Normal,NULL,1,217717,NULL,3,+,In/Out,Normal,NULL,1,217718,NULL,10,+,Out,Block,NULL,504,217714,NULL,NULL,NULL,NULL,NULL,NULL,NULL,NULL,NULL,NULL,NULL,NULL,NULL,NULL,NULL,NULL,NULL,NULL,NULL,NULL,NULL,
9013,SHADE,No,Yes,Yes,11,0,.015,0,Conforming,Off,1,1,NULL,NULL,1,NULL,NULL,1,.01,NULL,NULL,NULL,NULL,NULL,NULL,NULL,NULL,NULL,NULL,999,.0001,0,NULL,Off,Off,0,0,NULL,NULL,NULL,NULL,NULL,NULL,NULL,NULL,NULL,NULL,NULL,NULL,Off,15982945,5.7,-.1,Yes,NULL,Yes,NULL,NULL,NULL,NULL,NULL,NULL,321427,4201,NULL,NULL,3,+,In/Out,Normal,NULL,1,3642,NULL,3,+,In/Out,Normal,NULL,1,3643,NULL,10,+,Out,Block,NULL,504,3639,NULL,NULL,NULL,NULL,NULL,NULL,NULL,NULL,NULL,NULL,NULL,NULL,NULL,NULL,NULL,NULL,NULL,NULL,NULL,NULL,NULL,
