PointNumber,PointName,LogicalDisplayReference,InitialValue,PropagateInitialValue,SetNonUpdate,ManualOverride,ManualEntry,Events,SmoothingConstant,AlarmDeadBand,ContinuousRecordingDeadband,DisturbanceDeadband,AssetID,PICollection,PIValueTag,PIQualityStorage,PIQualityTag,PIDeadband,ZeroDither,ScalingConversionType,SuppressedZeroThreshold,eDNACollection,eDNAExtIdentifier,eDNAQualityStorage,eDNASecurityGroup,eDNADeadband,PI_ExcMax,ProficyCollection,ProficyTagName,ProficyQualityStorage,ProficyDeadband,Subsecond_Data,TimeBasedAlarmDelay,COBECollection,COBEDeadband,ToggleReleaseThreshold,ToggleInhibitThreshold,InterrogationResponse,URLtype,URLDescription,URL,LogRoutAssnRefName,StationName,GroupName,TriggerRefName,MapboardFunctionGroup,LoLimitReasonability,HiLimitReasonability,UnitName,VoltageBase,DataDivisionRefName,DeltaLimitValue,DeltaTimePeriod,TimeDeadband,DeltaMultiplierValue,DisplaySign,InvertSign,PowerArrow,ArrowOrientation,DisplayPoint,DecimalDigits,FieldWidth,AORRefName,MenuRefNumber,AltDataSourcePriority,AltDataSourcePointType,AltDataSourceIdentifier,ReverseSign,AltDataSourceUtilPointType,UtilizationIdentifier,AltDataSourceInitiation,AltDataSourceRestoration,OpcharReferenceName,DeviationCheckDelay,DeviationPercent,Priority,RetryLimit,PointPosition,LayoutType,LayoutNumber,ResetSubstitution,ControlOffset,ControlCoefficient,ControlTransducerType,RawCountDelta,IndicationConversionType,IndicationOffset,IndicationCoefficient1,IndicationCoefficient2,IndicationCoefficient3,IndicationCoefficient4,IndicationCoefficient5,IndicationTransducerType,AnalogDriftRefName,IndicationPointPosition,IndicationLayoutType,IndicationLayoutNumber,IndicationScanBlockRefName,CollectToHistoricalSchedRef,RLControlProgramRefName,ControlStateGroupSet,RLPointPosition,StartControlState,RLLayoutType,RLLayoutNumber,StateControlAssnStateNumber,JogPoint,Command,PulseDuration,OperateTime,DesiredEndState,RLPriority,RLRetryLimit,TripCloseControlCode,CntlValidationProgRefName,ValidationVersionNum,WarningRequired,WarningAckRequired,WarningMessage,ActionDescriptionSetRef,CircuitLabelName,SubstationName,DeviceTypeName,LongName,AltLongName,Input_Group_Name,DAL_Control_PointNumber,Limit_Name,Limit_Number,Limit_Processing,Program_Name,High_Limit_4,High_Limit_3,High_Limit_2,High_Limit_1,Low_Limit_1,Low_Limit_2,Low_Limit_3,Low_Limit_4,Percent_Of_Ana_Pnt_Lims,Limits_Analog_Point,DOG_Reference,AlarmProfileReference,OPCTagName,EPDC_Signal_Reference,SlaveUnitsName,SlavePointPosition,SlaveLayoutType,SlaveLayoutNumber,SlaveControlPointPosition,SlaveControlLayoutType,SlaveControlLayoutNumber,
1594,PERKINS 500KV MW,WESTWING,0,No,Yes,No,Yes,Yes,NULL,.000017,.000017,.000017,NULL,NULL,NULL,NULL,NULL,NULL,NULL,NULL,NULL,Yes,NULL,XA21 Quality,NULL,NULL,NULL,NULL,NULL,NULL,NULL,NULL,NULL,NULL,NULL,NULL,NULL,NULL,NULL,NULL,NULL,All,SRP-WESTWING,NULL,NULL,NULL,-3000,3000,MW,500KV,ICCP Data Link,NULL,NULL,NULL,NULL,No,No,No,NULL,Yes,2,7,ALL-SRP,NULL,NULL,NULL,NULL,NULL,NULL,NULL,NULL,NULL,NULL,NULL,NULL,NULL,NULL,NULL,NULL,NULL,NULL,NULL,NULL,NULL,NULL,NULL,NULL,NULL,NULL,NULL,NULL,NULL,NULL,NULL,NULL,NULL,NULL,NULL,NULL,NULL,NULL,NULL,NULL,NULL,NULL,NULL,NULL,NULL,NULL,NULL,NULL,NULL,NULL,NULL,NULL,NULL,NULL,NULL,NULL,NULL,NULL,NULL,NULL,NULL,NULL,NULL,NULL,State_0,0,Values,NULL,NULL,NULL,NULL,3000,-3000,NULL,NULL,NULL,NULL,NULL,1!2!3,Class 16!Class 16!Class 16,NULL,NULL,NULL,NULL,NULL,NULL,NULL,NULL,NULL,
1595,PERKINS 500KV MVAR,WESTWING,0,No,Yes,No,Yes,Yes,NULL,.000017,.000017,.000017,NULL,NULL,NULL,NULL,NULL,NULL,NULL,NULL,NULL,Yes,NULL,XA21 Quality,NULL,NULL,NULL,NULL,NULL,NULL,NULL,NULL,NULL,NULL,NULL,NULL,NULL,NULL,NULL,NULL,NULL,All,SRP-WESTWING,NULL,NULL,NULL,-3000,3000,MVAR,500KV,ICCP Data Link,NULL,NULL,NULL,NULL,No,No,No,NULL,Yes,2,7,ALL-SRP,NULL,NULL,NULL,NULL,NULL,NULL,NULL,NULL,NULL,NULL,NULL,NULL,NULL,NULL,NULL,NULL,NULL,NULL,NULL,NULL,NULL,NULL,NULL,NULL,NULL,NULL,NULL,NULL,NULL,NULL,NULL,NULL,NULL,NULL,NULL,NULL,NULL,NULL,NULL,NULL,NULL,NULL,NULL,NULL,NULL,NULL,NULL,NULL,NULL,NULL,NULL,NULL,NULL,NULL,NULL,NULL,NULL,NULL,NULL,NULL,NULL,NULL,NULL,NULL,State_0,0,Values,NULL,NULL,NULL,NULL,3000,-3000,NULL,NULL,NULL,NULL,NULL,1!2!3,Class 16!Class 16!Class 16,NULL,NULL,NULL,NULL,NULL,NULL,NULL,NULL,NULL,
8060,500 KV AVE BUS KV,srpwestwing,0,No,Yes,No,Yes,Yes,NULL,.0000015,.0000015,.0000015,NULL,NULL,NULL,NULL,NULL,NULL,NULL,NULL,NULL,Yes,NULL,XA21 Quality,NULL,NULL,NULL,NULL,NULL,NULL,NULL,NULL,NULL,NULL,NULL,NULL,NULL,NULL,NULL,NULL,NULL,All,SRP-WESTWING,NULL,NULL,NULL,-32767,32767,KV,500KV,Calc,NULL,NULL,NULL,NULL,No,No,No,NULL,Yes,2,7,ALL-SRP,NULL,NULL,NULL,NULL,NULL,NULL,NULL,NULL,NULL,NULL,NULL,NULL,NULL,NULL,NULL,NULL,NULL,NULL,NULL,NULL,NULL,NULL,NULL,NULL,NULL,NULL,NULL,NULL,NULL,NULL,NULL,NULL,NULL,NULL,NULL,NULL,NULL,NULL,NULL,NULL,NULL,NULL,NULL,NULL,NULL,NULL,NULL,NULL,NULL,NULL,NULL,NULL,NULL,NULL,NULL,NULL,NULL,NULL,NULL,NULL,NULL,NULL,NULL,NULL,State_0,0,Values,NULL,NULL,NULL,NULL,32767,-32767,NULL,NULL,NULL,NULL,NULL,1!2!3,Class 2!Class 16!Class 2,NULL,NULL,NULL,NULL,NULL,NULL,NULL,NULL,NULL,
33270,NAVAJO 500KV MW,WESTWING,0,No,Yes,No,Yes,Yes,NULL,.000017,.000017,.000017,NULL,NULL,NULL,NULL,NULL,NULL,NULL,NULL,NULL,Yes,NULL,XA21 Quality,NULL,NULL,NULL,NULL,NULL,NULL,NULL,NULL,NULL,NULL,NULL,NULL,NULL,NULL,NULL,NULL,NULL,All,SRP-WESTWING,NULL,NULL,NULL,-3000,3000,MW,500KV,ICCP Data Link,NULL,NULL,NULL,NULL,No,No,No,NULL,Yes,2,7,ALL-SRP,NULL,NULL,NULL,NULL,NULL,NULL,NULL,NULL,NULL,NULL,NULL,NULL,NULL,NULL,NULL,NULL,NULL,NULL,NULL,NULL,NULL,NULL,NULL,NULL,NULL,NULL,NULL,NULL,NULL,NULL,NULL,NULL,NULL,NULL,NULL,NULL,NULL,NULL,NULL,NULL,NULL,NULL,NULL,NULL,NULL,NULL,NULL,NULL,NULL,NULL,NULL,NULL,NULL,NULL,NULL,NULL,NULL,NULL,NULL,NULL,NULL,NULL,NULL,NULL,State_0,0,Values,NULL,NULL,NULL,NULL,3000,-500,NULL,NULL,NULL,NULL,NULL,1!2!3,Class 16!Class 16!Class 16,NULL,NULL,NULL,NULL,NULL,NULL,NULL,NULL,NULL,
33271,NAVAJO 500KV MVAR,WESTWING,0,No,Yes,No,Yes,Yes,NULL,.000017,.000017,.000017,NULL,NULL,NULL,NULL,NULL,NULL,NULL,NULL,NULL,Yes,NULL,XA21 Quality,NULL,NULL,NULL,NULL,NULL,NULL,NULL,NULL,NULL,NULL,NULL,NULL,NULL,NULL,NULL,NULL,NULL,All,SRP-WESTWING,NULL,NULL,NULL,-3000,3000,MVAR,500KV,ICCP Data Link,NULL,NULL,NULL,NULL,No,No,No,NULL,Yes,2,7,ALL-SRP,NULL,NULL,NULL,NULL,NULL,NULL,NULL,NULL,NULL,NULL,NULL,NULL,NULL,NULL,NULL,NULL,NULL,NULL,NULL,NULL,NULL,NULL,NULL,NULL,NULL,NULL,NULL,NULL,NULL,NULL,NULL,NULL,NULL,NULL,NULL,NULL,NULL,NULL,NULL,NULL,NULL,NULL,NULL,NULL,NULL,NULL,NULL,NULL,NULL,NULL,NULL,NULL,NULL,NULL,NULL,NULL,NULL,NULL,NULL,NULL,NULL,NULL,NULL,NULL,State_0,0,Values,NULL,NULL,NULL,NULL,3000,-3000,NULL,NULL,NULL,NULL,NULL,1!2!3,Class 16!Class 16!Class 16,NULL,NULL,NULL,NULL,NULL,NULL,NULL,NULL,NULL,
33272,YAVAPAI 500KV MW,WESTWING,0,No,Yes,No,Yes,Yes,NULL,.000017,.000017,.000017,NULL,NULL,NULL,NULL,NULL,NULL,NULL,NULL,NULL,Yes,NULL,XA21 Quality,NULL,NULL,NULL,NULL,NULL,NULL,NULL,NULL,NULL,NULL,NULL,NULL,NULL,NULL,NULL,NULL,NULL,All,SRP-WESTWING,NULL,NULL,NULL,-3000,3000,MW,500KV,ICCP Data Link,NULL,NULL,NULL,NULL,No,No,No,NULL,Yes,2,7,ALL-SRP,NULL,NULL,NULL,NULL,NULL,NULL,NULL,NULL,NULL,NULL,NULL,NULL,NULL,NULL,NULL,NULL,NULL,NULL,NULL,NULL,NULL,NULL,NULL,NULL,NULL,NULL,NULL,NULL,NULL,NULL,NULL,NULL,NULL,NULL,NULL,NULL,NULL,NULL,NULL,NULL,NULL,NULL,NULL,NULL,NULL,NULL,NULL,NULL,NULL,NULL,NULL,NULL,NULL,NULL,NULL,NULL,NULL,NULL,NULL,NULL,NULL,NULL,NULL,NULL,State_0,0,Values,NULL,1491,1491,1108,1108,-1108,-1108,-1491,-1491,NULL,NULL,1!2!3,Class 16!Class 16!Class 16,NULL,NULL,NULL,NULL,NULL,NULL,NULL,NULL,NULL,
33273,YAVAPAI 500KV MVAR,WESTWING,0,No,Yes,No,Yes,Yes,NULL,.000017,.000017,.000017,NULL,NULL,NULL,NULL,NULL,NULL,NULL,NULL,NULL,Yes,NULL,XA21 Quality,NULL,NULL,NULL,NULL,NULL,NULL,NULL,NULL,NULL,NULL,NULL,NULL,NULL,NULL,NULL,NULL,NULL,All,SRP-WESTWING,NULL,NULL,NULL,-3000,3000,MVAR,500KV,ICCP Data Link,NULL,NULL,NULL,NULL,No,No,No,NULL,Yes,2,7,ALL-SRP,NULL,NULL,NULL,NULL,NULL,NULL,NULL,NULL,NULL,NULL,NULL,NULL,NULL,NULL,NULL,NULL,NULL,NULL,NULL,NULL,NULL,NULL,NULL,NULL,NULL,NULL,NULL,NULL,NULL,NULL,NULL,NULL,NULL,NULL,NULL,NULL,NULL,NULL,NULL,NULL,NULL,NULL,NULL,NULL,NULL,NULL,NULL,NULL,NULL,NULL,NULL,NULL,NULL,NULL,NULL,NULL,NULL,NULL,NULL,NULL,NULL,NULL,NULL,NULL,State_0,0,Values,NULL,NULL,NULL,NULL,3000,-3000,NULL,NULL,NULL,NULL,NULL,1!2!3,Class 16!Class 16!Class 16,NULL,NULL,NULL,NULL,NULL,NULL,NULL,NULL,NULL,
33274,PALO VERDE NO.1 500KV MW,WESTWING,0,No,Yes,No,Yes,Yes,NULL,.000017,.000017,.000017,NULL,NULL,NULL,NULL,NULL,NULL,NULL,NULL,NULL,Yes,NULL,XA21 Quality,NULL,NULL,NULL,NULL,NULL,NULL,NULL,NULL,NULL,NULL,NULL,NULL,NULL,NULL,NULL,NULL,NULL,All,SRP-WESTWING,NULL,NULL,NULL,-3000,3000,MW,500KV,ICCP Data Link,NULL,NULL,NULL,NULL,No,No,No,NULL,Yes,2,7,ALL-SRP,NULL,NULL,NULL,NULL,NULL,NULL,NULL,NULL,NULL,NULL,NULL,NULL,NULL,NULL,NULL,NULL,NULL,NULL,NULL,NULL,NULL,NULL,NULL,NULL,NULL,NULL,NULL,NULL,NULL,NULL,NULL,NULL,NULL,NULL,NULL,NULL,NULL,NULL,NULL,NULL,NULL,NULL,NULL,NULL,NULL,NULL,NULL,NULL,NULL,NULL,NULL,NULL,NULL,NULL,NULL,NULL,NULL,NULL,NULL,NULL,NULL,NULL,NULL,NULL,State_0,0,Values,NULL,NULL,NULL,NULL,3000,-3000,NULL,NULL,NULL,NULL,NULL,1!2!3,Class 16!Class 16!Class 16,NULL,NULL,NULL,NULL,NULL,NULL,NULL,NULL,NULL,
33275,PALO VERDE NO.1 500KV MVAR,WESTWING,0,No,Yes,No,Yes,Yes,NULL,.000017,.000017,.000017,NULL,NULL,NULL,NULL,NULL,NULL,NULL,NULL,NULL,Yes,NULL,XA21 Quality,NULL,NULL,NULL,NULL,NULL,NULL,NULL,NULL,NULL,NULL,NULL,NULL,NULL,NULL,NULL,NULL,NULL,All,SRP-WESTWING,NULL,NULL,NULL,-3000,3000,MVAR,500KV,ICCP Data Link,NULL,NULL,NULL,NULL,No,No,No,NULL,Yes,2,7,ALL-SRP,NULL,NULL,NULL,NULL,NULL,NULL,NULL,NULL,NULL,NULL,NULL,NULL,NULL,NULL,NULL,NULL,NULL,NULL,NULL,NULL,NULL,NULL,NULL,NULL,NULL,NULL,NULL,NULL,NULL,NULL,NULL,NULL,NULL,NULL,NULL,NULL,NULL,NULL,NULL,NULL,NULL,NULL,NULL,NULL,NULL,NULL,NULL,NULL,NULL,NULL,NULL,NULL,NULL,NULL,NULL,NULL,NULL,NULL,NULL,NULL,NULL,NULL,NULL,NULL,State_0,0,Values,NULL,NULL,NULL,NULL,3000,-3000,NULL,NULL,NULL,NULL,NULL,1!2!3,Class 16!Class 16!Class 16,NULL,NULL,NULL,NULL,NULL,NULL,NULL,NULL,NULL,
33276,PALO VERDE NO.2 500KV MW,WESTWING,0,No,Yes,No,Yes,Yes,NULL,.000017,.000017,.000017,NULL,NULL,NULL,NULL,NULL,NULL,NULL,NULL,NULL,Yes,NULL,XA21 Quality,NULL,NULL,NULL,NULL,NULL,NULL,NULL,NULL,NULL,NULL,NULL,NULL,NULL,NULL,NULL,NULL,NULL,All,SRP-WESTWING,NULL,NULL,NULL,-3000,3000,MW,500KV,ICCP Data Link,NULL,NULL,NULL,NULL,No,No,No,NULL,Yes,2,7,ALL-SRP,NULL,NULL,NULL,NULL,NULL,NULL,NULL,NULL,NULL,NULL,NULL,NULL,NULL,NULL,NULL,NULL,NULL,NULL,NULL,NULL,NULL,NULL,NULL,NULL,NULL,NULL,NULL,NULL,NULL,NULL,NULL,NULL,NULL,NULL,NULL,NULL,NULL,NULL,NULL,NULL,NULL,NULL,NULL,NULL,NULL,NULL,NULL,NULL,NULL,NULL,NULL,NULL,NULL,NULL,NULL,NULL,NULL,NULL,NULL,NULL,NULL,NULL,NULL,NULL,State_0,0,Values,NULL,NULL,NULL,NULL,3000,-3000,NULL,NULL,NULL,NULL,NULL,1!2!3,Class 16!Class 16!Class 16,NULL,NULL,NULL,NULL,NULL,NULL,NULL,NULL,NULL,
33277,PALO VERDE NO.2 500KV MVAR,WESTWING,0,No,Yes,No,Yes,Yes,NULL,.000017,.000017,.000017,NULL,NULL,NULL,NULL,NULL,NULL,NULL,NULL,NULL,Yes,NULL,XA21 Quality,NULL,NULL,NULL,NULL,NULL,NULL,NULL,NULL,NULL,NULL,NULL,NULL,NULL,NULL,NULL,NULL,NULL,All,SRP-WESTWING,NULL,NULL,NULL,-3000,3000,MVAR,500KV,ICCP Data Link,NULL,NULL,NULL,NULL,No,No,No,NULL,Yes,2,7,ALL-SRP,NULL,NULL,NULL,NULL,NULL,NULL,NULL,NULL,NULL,NULL,NULL,NULL,NULL,NULL,NULL,NULL,NULL,NULL,NULL,NULL,NULL,NULL,NULL,NULL,NULL,NULL,NULL,NULL,NULL,NULL,NULL,NULL,NULL,NULL,NULL,NULL,NULL,NULL,NULL,NULL,NULL,NULL,NULL,NULL,NULL,NULL,NULL,NULL,NULL,NULL,NULL,NULL,NULL,NULL,NULL,NULL,NULL,NULL,NULL,NULL,NULL,NULL,NULL,NULL,State_0,0,Values,NULL,NULL,NULL,NULL,3000,-3000,NULL,NULL,NULL,NULL,NULL,1!2!3,Class 16!Class 16!Class 16,NULL,NULL,NULL,NULL,NULL,NULL,NULL,NULL,NULL,
33278,BANK 7 345KV MW,WESTWING,0,No,Yes,No,Yes,Yes,NULL,.000017,.000017,.000017,NULL,NULL,NULL,NULL,NULL,NULL,NULL,NULL,NULL,Yes,NULL,XA21 Quality,NULL,NULL,NULL,NULL,NULL,NULL,NULL,NULL,NULL,NULL,NULL,NULL,NULL,NULL,NULL,NULL,NULL,All,SRP-WESTWING,NULL,NULL,NULL,-3000,3000,MW,345KV,ICCP Data Link,NULL,NULL,NULL,NULL,No,No,No,NULL,Yes,2,7,ALL-SRP,NULL,NULL,NULL,NULL,NULL,NULL,NULL,NULL,NULL,NULL,NULL,NULL,NULL,NULL,NULL,NULL,NULL,NULL,NULL,NULL,NULL,NULL,NULL,NULL,NULL,NULL,NULL,NULL,NULL,NULL,NULL,NULL,NULL,NULL,NULL,NULL,NULL,NULL,NULL,NULL,NULL,NULL,NULL,NULL,NULL,NULL,NULL,NULL,NULL,NULL,NULL,NULL,NULL,NULL,NULL,NULL,NULL,NULL,NULL,NULL,NULL,NULL,NULL,NULL,State_0,0,Values,NULL,NULL,NULL,NULL,3000,-3000,NULL,NULL,NULL,NULL,NULL,1!2!3,Class 16!Class 16!Class 16,NULL,NULL,NULL,NULL,NULL,NULL,NULL,NULL,NULL,
33279,BANK 7 345KV MVAR,WESTWING,0,No,Yes,No,Yes,Yes,NULL,.000017,.000017,.000017,NULL,NULL,NULL,NULL,NULL,NULL,NULL,NULL,NULL,Yes,NULL,XA21 Quality,NULL,NULL,NULL,NULL,NULL,NULL,NULL,NULL,NULL,NULL,NULL,NULL,NULL,NULL,NULL,NULL,NULL,All,SRP-WESTWING,NULL,NULL,NULL,-3000,3000,MVAR,345KV,ICCP Data Link,NULL,NULL,NULL,NULL,No,No,No,NULL,Yes,2,7,ALL-SRP,NULL,NULL,NULL,NULL,NULL,NULL,NULL,NULL,NULL,NULL,NULL,NULL,NULL,NULL,NULL,NULL,NULL,NULL,NULL,NULL,NULL,NULL,NULL,NULL,NULL,NULL,NULL,NULL,NULL,NULL,NULL,NULL,NULL,NULL,NULL,NULL,NULL,NULL,NULL,NULL,NULL,NULL,NULL,NULL,NULL,NULL,NULL,NULL,NULL,NULL,NULL,NULL,NULL,NULL,NULL,NULL,NULL,NULL,NULL,NULL,NULL,NULL,NULL,NULL,State_0,0,Values,NULL,NULL,NULL,NULL,3000,-3000,NULL,NULL,NULL,NULL,NULL,1!2!3,Class 16!Class 16!Class 16,NULL,NULL,NULL,NULL,NULL,NULL,NULL,NULL,NULL,
33280,BANK 1 230KV MW,WESTWING,0,No,Yes,No,Yes,Yes,NULL,.000017,.000017,.000017,NULL,NULL,NULL,NULL,NULL,NULL,NULL,NULL,NULL,Yes,NULL,XA21 Quality,NULL,NULL,NULL,NULL,NULL,NULL,NULL,NULL,NULL,NULL,NULL,NULL,NULL,NULL,NULL,NULL,NULL,All,SRP-WESTWING,NULL,NULL,NULL,-3000,3000,MW,230KV,ICCP Data Link,NULL,NULL,NULL,NULL,No,No,No,NULL,Yes,2,7,ALL-SRP,NULL,NULL,NULL,NULL,NULL,NULL,NULL,NULL,NULL,NULL,NULL,NULL,NULL,NULL,NULL,NULL,NULL,NULL,NULL,NULL,NULL,NULL,NULL,NULL,NULL,NULL,NULL,NULL,NULL,NULL,NULL,NULL,NULL,NULL,NULL,NULL,NULL,NULL,NULL,NULL,NULL,NULL,NULL,NULL,NULL,NULL,NULL,NULL,NULL,NULL,NULL,NULL,NULL,NULL,NULL,NULL,NULL,NULL,NULL,NULL,NULL,NULL,NULL,NULL,State_0,0,Values,NULL,NULL,NULL,NULL,3000,-10,NULL,NULL,NULL,NULL,NULL,1!2!3,Class 16!Class 16!Class 16,NULL,NULL,NULL,NULL,NULL,NULL,NULL,NULL,NULL,
33281,BANK 1 230KV MVAR,WESTWING,0,No,Yes,No,Yes,Yes,NULL,.000017,.000017,.000017,NULL,NULL,NULL,NULL,NULL,NULL,NULL,NULL,NULL,Yes,NULL,XA21 Quality,NULL,NULL,NULL,NULL,NULL,NULL,NULL,NULL,NULL,NULL,NULL,NULL,NULL,NULL,NULL,NULL,NULL,All,SRP-WESTWING,NULL,NULL,NULL,-3000,3000,MVAR,230KV,ICCP Data Link,NULL,NULL,NULL,NULL,No,No,No,NULL,Yes,2,7,ALL-SRP,NULL,NULL,NULL,NULL,NULL,NULL,NULL,NULL,NULL,NULL,NULL,NULL,NULL,NULL,NULL,NULL,NULL,NULL,NULL,NULL,NULL,NULL,NULL,NULL,NULL,NULL,NULL,NULL,NULL,NULL,NULL,NULL,NULL,NULL,NULL,NULL,NULL,NULL,NULL,NULL,NULL,NULL,NULL,NULL,NULL,NULL,NULL,NULL,NULL,NULL,NULL,NULL,NULL,NULL,NULL,NULL,NULL,NULL,NULL,NULL,NULL,NULL,NULL,NULL,State_0,0,Values,NULL,NULL,NULL,NULL,3000,-3000,NULL,NULL,NULL,NULL,NULL,1!2!3,Class 16!Class 16!Class 16,NULL,NULL,NULL,NULL,NULL,NULL,NULL,NULL,NULL,
33282,BANK 4 230KV MW,WESTWING,0,No,Yes,No,Yes,Yes,NULL,.000017,.000017,.000017,NULL,NULL,NULL,NULL,NULL,NULL,NULL,NULL,NULL,Yes,NULL,XA21 Quality,NULL,NULL,NULL,NULL,NULL,NULL,NULL,NULL,NULL,NULL,NULL,NULL,NULL,NULL,NULL,NULL,NULL,All,SRP-WESTWING,NULL,NULL,NULL,-3000,3000,MW,230KV,ICCP Data Link,NULL,NULL,NULL,NULL,No,No,No,NULL,Yes,2,7,ALL-SRP,NULL,NULL,NULL,NULL,NULL,NULL,NULL,NULL,NULL,NULL,NULL,NULL,NULL,NULL,NULL,NULL,NULL,NULL,NULL,NULL,NULL,NULL,NULL,NULL,NULL,NULL,NULL,NULL,NULL,NULL,NULL,NULL,NULL,NULL,NULL,NULL,NULL,NULL,NULL,NULL,NULL,NULL,NULL,NULL,NULL,NULL,NULL,NULL,NULL,NULL,NULL,NULL,NULL,NULL,NULL,NULL,NULL,NULL,NULL,NULL,NULL,NULL,NULL,NULL,State_0,0,Values,NULL,NULL,NULL,NULL,3000,-10,NULL,NULL,NULL,NULL,NULL,1!2!3,Class 16!Class 16!Class 16,NULL,NULL,NULL,NULL,NULL,NULL,NULL,NULL,NULL,
33283,BANK 4 230KV MVAR,WESTWING,0,No,Yes,No,Yes,Yes,NULL,.000017,.000017,.000017,NULL,NULL,NULL,NULL,NULL,NULL,NULL,NULL,NULL,Yes,NULL,XA21 Quality,NULL,NULL,NULL,NULL,NULL,NULL,NULL,NULL,NULL,NULL,NULL,NULL,NULL,NULL,NULL,NULL,NULL,All,SRP-WESTWING,NULL,NULL,NULL,-3000,3000,MVAR,230KV,ICCP Data Link,NULL,NULL,NULL,NULL,No,No,No,NULL,Yes,2,7,ALL-SRP,NULL,NULL,NULL,NULL,NULL,NULL,NULL,NULL,NULL,NULL,NULL,NULL,NULL,NULL,NULL,NULL,NULL,NULL,NULL,NULL,NULL,NULL,NULL,NULL,NULL,NULL,NULL,NULL,NULL,NULL,NULL,NULL,NULL,NULL,NULL,NULL,NULL,NULL,NULL,NULL,NULL,NULL,NULL,NULL,NULL,NULL,NULL,NULL,NULL,NULL,NULL,NULL,NULL,NULL,NULL,NULL,NULL,NULL,NULL,NULL,NULL,NULL,NULL,NULL,State_0,0,Values,NULL,NULL,NULL,NULL,3000,-3000,NULL,NULL,NULL,NULL,NULL,1!2!3,Class 16!Class 16!Class 16,NULL,NULL,NULL,NULL,NULL,NULL,NULL,NULL,NULL,
33284,BANK 10 230KV MW,WESTWING,0,No,Yes,No,Yes,Yes,NULL,.000017,.000017,.000017,NULL,NULL,NULL,NULL,NULL,NULL,NULL,NULL,NULL,Yes,NULL,XA21 Quality,NULL,NULL,NULL,NULL,NULL,NULL,NULL,NULL,NULL,NULL,NULL,NULL,NULL,NULL,NULL,NULL,NULL,All,SRP-WESTWING,NULL,NULL,NULL,-3000,3000,MW,230KV,ICCP Data Link,NULL,NULL,NULL,NULL,No,No,No,NULL,Yes,2,7,ALL-SRP,NULL,NULL,NULL,NULL,NULL,NULL,NULL,NULL,NULL,NULL,NULL,NULL,NULL,NULL,NULL,NULL,NULL,NULL,NULL,NULL,NULL,NULL,NULL,NULL,NULL,NULL,NULL,NULL,NULL,NULL,NULL,NULL,NULL,NULL,NULL,NULL,NULL,NULL,NULL,NULL,NULL,NULL,NULL,NULL,NULL,NULL,NULL,NULL,NULL,NULL,NULL,NULL,NULL,NULL,NULL,NULL,NULL,NULL,NULL,NULL,NULL,NULL,NULL,NULL,State_0,0,Values,NULL,NULL,NULL,NULL,3000,-10,NULL,NULL,NULL,NULL,NULL,1!2!3,Class 16!Class 16!Class 16,NULL,NULL,NULL,NULL,NULL,NULL,NULL,NULL,NULL,
33285,BANK 10 230KV MVAR,WESTWING,0,No,Yes,No,Yes,Yes,NULL,.000017,.000017,.000017,NULL,NULL,NULL,NULL,NULL,NULL,NULL,NULL,NULL,Yes,NULL,XA21 Quality,NULL,NULL,NULL,NULL,NULL,NULL,NULL,NULL,NULL,NULL,NULL,NULL,NULL,NULL,NULL,NULL,NULL,All,SRP-WESTWING,NULL,NULL,NULL,-3000,3000,MVAR,230KV,ICCP Data Link,NULL,NULL,NULL,NULL,No,No,No,NULL,Yes,2,7,ALL-SRP,NULL,NULL,NULL,NULL,NULL,NULL,NULL,NULL,NULL,NULL,NULL,NULL,NULL,NULL,NULL,NULL,NULL,NULL,NULL,NULL,NULL,NULL,NULL,NULL,NULL,NULL,NULL,NULL,NULL,NULL,NULL,NULL,NULL,NULL,NULL,NULL,NULL,NULL,NULL,NULL,NULL,NULL,NULL,NULL,NULL,NULL,NULL,NULL,NULL,NULL,NULL,NULL,NULL,NULL,NULL,NULL,NULL,NULL,NULL,NULL,NULL,NULL,NULL,NULL,State_0,0,Values,NULL,NULL,NULL,NULL,3000,-3000,NULL,NULL,NULL,NULL,NULL,1!2!3,Class 16!Class 16!Class 16,NULL,NULL,NULL,NULL,NULL,NULL,NULL,NULL,NULL,
33286,NORTH BUS 500KV VOLT,WESTWING,0,No,Yes,No,Yes,Yes,NULL,.000017,.000017,.000017,NULL,NULL,NULL,NULL,NULL,NULL,NULL,NULL,NULL,Yes,NULL,XA21 Quality,NULL,NULL,NULL,NULL,NULL,NULL,NULL,NULL,NULL,NULL,NULL,NULL,NULL,NULL,NULL,NULL,NULL,All,SRP-WESTWING,NULL,NULL,NULL,-3000,3000,KV,500KV,ICCP Data Link,NULL,NULL,NULL,NULL,No,No,No,NULL,Yes,2,7,ALL-SRP,NULL,NULL,NULL,NULL,NULL,NULL,NULL,NULL,NULL,NULL,NULL,NULL,NULL,NULL,NULL,NULL,NULL,NULL,NULL,NULL,NULL,NULL,NULL,NULL,NULL,NULL,NULL,NULL,NULL,NULL,NULL,NULL,NULL,NULL,NULL,NULL,NULL,NULL,NULL,NULL,NULL,NULL,NULL,NULL,NULL,NULL,NULL,NULL,NULL,NULL,NULL,NULL,NULL,NULL,NULL,NULL,NULL,NULL,NULL,NULL,NULL,NULL,NULL,NULL,State_0,0,Values,NULL,NULL,NULL,NULL,3000,-10,NULL,NULL,NULL,NULL,NULL,1!2!3,Class 16!Class 16!Class 16,NULL,NULL,NULL,NULL,NULL,NULL,NULL,NULL,NULL,
33287,SOUTH BUS 500KV VOLT,WESTWING,0,No,Yes,No,Yes,Yes,NULL,.000017,.000017,.000017,NULL,NULL,NULL,NULL,NULL,NULL,NULL,NULL,NULL,Yes,NULL,XA21 Quality,NULL,NULL,NULL,NULL,NULL,NULL,NULL,NULL,NULL,NULL,NULL,NULL,NULL,NULL,NULL,NULL,NULL,All,SRP-WESTWING,NULL,NULL,NULL,-3000,3000,KV,500KV,ICCP Data Link,NULL,NULL,NULL,NULL,No,No,No,NULL,Yes,2,7,ALL-SRP,NULL,NULL,NULL,NULL,NULL,NULL,NULL,NULL,NULL,NULL,NULL,NULL,NULL,NULL,NULL,NULL,NULL,NULL,NULL,NULL,NULL,NULL,NULL,NULL,NULL,NULL,NULL,NULL,NULL,NULL,NULL,NULL,NULL,NULL,NULL,NULL,NULL,NULL,NULL,NULL,NULL,NULL,NULL,NULL,NULL,NULL,NULL,NULL,NULL,NULL,NULL,NULL,NULL,NULL,NULL,NULL,NULL,NULL,NULL,NULL,NULL,NULL,NULL,NULL,State_0,0,Values,NULL,NULL,NULL,NULL,3000,-10,NULL,NULL,NULL,NULL,NULL,1!2!3,Class 16!Class 16!Class 16,NULL,NULL,NULL,NULL,NULL,NULL,NULL,NULL,NULL,
33288,N 345 BUS KV,WESTWING,0,No,Yes,No,Yes,Yes,NULL,.000017,.000017,.000017,NULL,NULL,NULL,NULL,NULL,NULL,NULL,NULL,NULL,Yes,NULL,XA21 Quality,NULL,NULL,NULL,NULL,NULL,NULL,NULL,NULL,NULL,NULL,NULL,NULL,NULL,NULL,NULL,NULL,NULL,All,SRP-WESTWING,NULL,NULL,NULL,-3000,3000,KV,345KV,ICCP Data Link,NULL,NULL,NULL,NULL,No,No,No,NULL,Yes,2,7,ALL-SRP,NULL,NULL,NULL,NULL,NULL,NULL,NULL,NULL,NULL,NULL,NULL,NULL,NULL,NULL,NULL,NULL,NULL,NULL,NULL,NULL,NULL,NULL,NULL,NULL,NULL,NULL,NULL,NULL,NULL,NULL,NULL,NULL,NULL,NULL,NULL,NULL,NULL,NULL,NULL,NULL,NULL,NULL,NULL,NULL,NULL,NULL,NULL,NULL,NULL,NULL,NULL,NULL,NULL,NULL,NULL,NULL,NULL,NULL,NULL,NULL,NULL,NULL,NULL,NULL,State_0,0,Values,NULL,NULL,NULL,NULL,3000,-10,NULL,NULL,NULL,NULL,NULL,1!2!3,Class 2!Class 16!Class 2,NULL,NULL,NULL,NULL,NULL,NULL,NULL,NULL,NULL,
