DeviceName,TransformerGroupName,PhaseCode,ConnectedNode1,ConnectedNode2,AlarmEnabled,SuppressActAlm,SuppressHisAlm,Remark,PrimaryNormalTap,SecondaryNormalTap,PrimaryOptControl,SecondaryOptControl,PrimaryFeederVoltageControl,SecondaryFeederVoltageControl,MinimumRegulatorVoltage,MaximumRegulatorVoltage,PrimaryEarthResistance,SecondaryEarthResistance,PrimaryEarthImpedance,SecondaryEarthImpedance,AutomaticRegulator,AutomaticRegulatorC,AutomaticRegulatorMove,AutomaticRegulatorM,TransformerTypeName,DeviceLimitName,SubstationName,FeederName,AORRefName,VoltageLimitName
SAN ONOFRE NO.1 BANK_2,EMS,ABC,en_637003,en_613996_S,N,Y,Y,NULL,0,0,N,N,NULL,NULL,0,0,0,0,0,0,N,NULL,NULL,NULL,SAN ONOFRE NO.1 BANK:TYPE,SAN ONOFRE NO:LMT,SAN_ONOFRE,NULL,All,NULL
BULLIS NO.1 BANK_148,EMS,ABC,en_251704,en_252704_S,N,Y,Y,NULL,0,0,N,N,NULL,NULL,0,0,0,0,0,0,N,NULL,NULL,NULL,BULLIS NO.1 BANK:TYPE,BULLIS NO.1 B:LMT,BULLIS,NULL,All,NULL
BULLIS NO.3 BANK_149,EMS,ABC,en_251005,en_253004_S,N,Y,Y,NULL,0,0,N,N,NULL,NULL,0,0,0,0,0,0,N,NULL,NULL,NULL,BULLIS NO.3 BANK:TYPE,BULLIS NO.3 B:LMT,BULLIS,NULL,All,NULL
BULLIS NO.4 BANK_150,EMS,ABC,en_251007,en_253008_S,N,Y,Y,NULL,0,0,N,N,NULL,NULL,0,0,0,0,0,0,N,NULL,NULL,NULL,BULLIS NO.4 BANK:TYPE,BULLIS NO.4 B:LMT,BULLIS,NULL,All,NULL
BULLIS NO.2E BANK_151,EMS,ABC,en_251900,en_252702,N,Y,Y,NULL,0,0,N,N,NULL,NULL,0,0,0,0,0,0,N,NULL,NULL,NULL,BULLIS NO.2E BANK:TYPE,BULLIS NO.2E :LMT,BULLIS,NULL,All,NULL
BULLIS NO.2W BANK_152,EMS,ABC,en_251901,en_252701,N,Y,Y,NULL,0,0,N,N,NULL,NULL,0,0,0,0,0,0,N,NULL,NULL,NULL,BULLIS NO.2W BANK:TYPE,BULLIS NO.2W :LMT,BULLIS,NULL,All,NULL
COMPTON NO.1 BANK_153,EMS,ABC,en_254102,en_255002_S,N,Y,Y,NULL,0,0,N,N,NULL,NULL,0,0,0,0,0,0,N,NULL,NULL,NULL,COMPTON NO.1 BANK:TYPE,COMPTON NO.1 :LMT,COMPTON,NULL,All,NULL
COMPTON NO.2 BANK_154,EMS,ABC,en_254202,en_255009_S,N,Y,Y,NULL,0,0,N,N,NULL,NULL,0,0,0,0,0,0,N,NULL,NULL,NULL,COMPTON NO.2 BANK:TYPE,COMPTON NO.2 :LMT,COMPTON,NULL,All,NULL
CARSON NO.3 BANK_155,EMS,ABC,en_256006,en_257701_S,N,Y,Y,NULL,0,0,N,N,NULL,NULL,0,0,0,0,0,0,N,NULL,NULL,NULL,CARSON NO.3 BANK:TYPE,CARSON NO.3 B:LMT,CARSON,NULL,All,NULL
CARSON NO.4N BANK_156,EMS,ABC,en_256900,en_257702,N,Y,Y,NULL,0,0,N,N,NULL,NULL,0,0,0,0,0,0,N,NULL,NULL,NULL,CARSON NO.4N BANK:TYPE,CARSON NO.4N :LMT,CARSON,NULL,All,NULL
FERNWOOD NO.2 BANK_157,EMS,ABC,en_261999,en_262009_S,N,Y,Y,NULL,0,0,N,N,NULL,NULL,0,0,0,0,0,0,N,NULL,NULL,NULL,FERNWOOD NO.2 BANK:TYPE,FERNWOOD NO.2:LMT,FERNWOOD,NULL,All,NULL
FERNWOOD NO.1 BANK_158,EMS,ABC,en_261050,en_262004_S,N,Y,Y,NULL,0,0,N,N,NULL,NULL,0,0,0,0,0,0,N,NULL,NULL,NULL,FERNWOOD NO.1 BANK:TYPE,FERNWOOD NO.1:LMT,FERNWOOD,NULL,All,NULL
LYNWOOD NO.1 BANK_159,EMS,ABC,en_263999,en_264011_S,N,Y,Y,NULL,0,0,N,N,NULL,NULL,0,0,0,0,0,0,N,NULL,NULL,NULL,LYNWOOD NO.1 BANK:TYPE,LYNWOOD NO.1 :LMT,LYNWOOD,NULL,All,NULL
LYNWOOD NO.2 BANK_160,EMS,ABC,en_263050,en_264029_S,N,Y,Y,NULL,0,0,N,N,NULL,NULL,0,0,0,0,0,0,N,NULL,NULL,NULL,LYNWOOD NO.2 BANK:TYPE,LYNWOOD NO.2 :LMT,LYNWOOD,NULL,All,NULL
SIGNAL HILL NO.1W BANK_164,EMS,ABC,en_280900,en_281701,N,Y,Y,NULL,0,0,N,N,NULL,NULL,0,0,0,0,0,0,N,NULL,NULL,NULL,SIGNAL HILL NO.1W BANK:TYPE,SIGNAL HILL N:LMT,SIGNAL_HILL,NULL,All,NULL
SIGNAL HILL NO.2 BANK_165,EMS,ABC,en_281010,en_282007_S,N,Y,Y,NULL,0,0,N,N,NULL,NULL,0,0,0,0,0,0,N,NULL,NULL,NULL,SIGNAL HILL NO.2 BANK:TYPE,SIGNAL HILL N:LMT,SIGNAL_HILL,NULL,All,NULL
SUNNYSIDE NO.1 BANK_166,EMS,ABC,en_283002,en_284006_S,N,Y,Y,NULL,0,0,N,N,NULL,NULL,0,0,0,0,0,0,N,NULL,NULL,NULL,SUNNYSIDE NO.1 BANK:TYPE,SUNNYSIDE NO.:LMT,SUNNYSIDE,NULL,All,NULL
SUNNYSIDE NO.3 BANK_167,EMS,ABC,en_283006,en_285002_S,N,Y,Y,NULL,0,0,N,N,NULL,NULL,0,0,0,0,0,0,N,NULL,NULL,NULL,SUNNYSIDE NO.3 BANK:TYPE,SUNNYSIDE NO.:LMT,SUNNYSIDE,NULL,All,NULL
SUNNYSIDE NO.4 BANK_168,EMS,ABC,en_283008,en_285010_S,N,Y,Y,NULL,0,0,N,N,NULL,NULL,0,0,0,0,0,0,N,NULL,NULL,NULL,SUNNYSIDE NO.4 BANK:TYPE,SUNNYSIDE NO.:LMT,SUNNYSIDE,NULL,All,NULL
SUNNYSIDE NO.2E BANK_169,EMS,ABC,en_283900,en_284147,N,Y,Y,NULL,0,0,N,N,NULL,NULL,0,0,0,0,0,0,N,NULL,NULL,NULL,SUNNYSIDE NO.2E BANK:TYPE,SUNNYSIDE NO.:LMT,SUNNYSIDE,NULL,All,NULL
ATHENS NO.1 BANK_223,EMS,ABC,en_1184051,en_1185054_S,N,Y,Y,NULL,0,0,N,N,NULL,NULL,0,0,0,0,0,0,N,NULL,NULL,NULL,ATHENS NO.1 BANK:TYPE,ATHENS NO.1 B:LMT,ATHENS,NULL,All,NULL
PHELAN NO.2W BANK_255,EMS,ABC,en_413110,en_415701,N,Y,Y,NULL,0,0,N,N,NULL,NULL,0,0,0,0,0,0,N,NULL,NULL,NULL,PHELAN NO.2W BANK:TYPE,PHELAN NO.2W :LMT,PHELAN,NULL,All,NULL
PHELAN NO.4 BANK_256,EMS,ABC,en_413109,en_414701_S,N,Y,Y,NULL,0,0,N,N,NULL,NULL,0,0,0,0,0,0,N,NULL,NULL,NULL,PHELAN NO.4 BANK:TYPE,PHELAN NO.4 B:LMT,PHELAN,NULL,All,NULL
ROADWAY NO.2N BANK_277,EMS,ABC,en_417707,en_3571707,N,Y,Y,NULL,0,0,N,N,NULL,NULL,0,0,0,0,0,0,N,NULL,NULL,NULL,ROADWAY NO.2N BANK:TYPE,ROADWAY NO.2N:LMT,ROADWAY,NULL,All,NULL
GARNET NO.2 BANK_317,EMS,ABC,en_515115,en_516032_S,N,Y,Y,NULL,0,0,N,N,NULL,NULL,0,0,0,0,0,0,N,NULL,NULL,NULL,GARNET NO.2 BANK:TYPE,GARNET NO.2 B:LMT,GARNET,NULL,All,NULL
GARNET NO.3 BANK_318,EMS,ABC,en_515058,en_516082_S,N,Y,Y,NULL,0,0,N,N,NULL,NULL,0,0,0,0,0,0,N,NULL,NULL,NULL,GARNET NO.3 BANK:TYPE,GARNET NO.3 B:LMT,GARNET,NULL,All,NULL
GARNET NO.4 BANK_319,EMS,ABC,en_516108,en_517999_S,N,Y,Y,NULL,0,0,N,N,NULL,NULL,0,0,0,0,0,0,N,NULL,NULL,NULL,GARNET NO.4 BANK:TYPE,GARNET NO.4 B:LMT,GARNET,NULL,All,NULL
PEDLEY NO.1 BANK_368,EMS,ABC,en_600002,en_601055_S,N,Y,Y,NULL,0,0,N,N,NULL,NULL,0,0,0,0,0,0,N,NULL,NULL,NULL,PEDLEY NO.1 BANK:TYPE,PEDLEY NO.1 B:LMT,PEDLEY,NULL,All,NULL
PEDLEY NO.2 BANK_369,EMS,ABC,en_600001,en_601004_S,N,Y,Y,NULL,0,0,N,N,NULL,NULL,0,0,0,0,0,0,N,NULL,NULL,NULL,PEDLEY NO.2 BANK:TYPE,PEDLEY NO.2 B:LMT,PEDLEY,NULL,All,NULL
IRVINE NO.1S BANK_411,EMS,ABC,en_649093,en_3297705,N,Y,Y,NULL,0,0,N,N,NULL,NULL,0,0,0,0,0,0,N,NULL,NULL,NULL,IRVINE NO.1S BANK:TYPE,IRVINE NO.1S :LMT,IRVINE,NULL,All,NULL
ZUMA     MARA BK_460,EMS,ABC,en_781100,en_782900_S,N,Y,Y,NULL,0,0,N,N,NULL,NULL,0,0,0,0,0,0,N,NULL,NULL,NULL,ZUMA     MARA BK:TYPE,ZUMA     MARA:LMT,ZUMA,NULL,All,NULL
ZUMA     ENCN BK_461,EMS,ABC,en_781101,en_782100_S,N,Y,Y,NULL,0,0,N,N,NULL,NULL,0,0,0,0,0,0,N,NULL,NULL,NULL,ZUMA     ENCN BK:TYPE,ZUMA     ENCN:LMT,ZUMA,NULL,All,NULL
ZUMA     BRDV BK_462,EMS,ABC,en_781102,en_782102_S,N,Y,Y,NULL,0,0,N,N,NULL,NULL,0,0,0,0,0,0,N,NULL,NULL,NULL,ZUMA     BRDV BK:TYPE,ZUMA     BRDV:LMT,ZUMA,NULL,All,NULL
TAPIA NO.1N BANK_472,EMS,ABC,en_789106,en_790103,N,Y,Y,NULL,0,0,N,N,NULL,NULL,0,0,0,0,0,0,N,NULL,NULL,NULL,TAPIA NO.1N BANK:TYPE,TAPIA NO.1N B:LMT,TAPIA,NULL,All,NULL
TAPIA NO.1S BANK_473,EMS,ABC,en_789107,en_790104,N,Y,Y,NULL,0,0,N,N,NULL,NULL,0,0,0,0,0,0,N,NULL,NULL,NULL,TAPIA NO.1S BANK:TYPE,TAPIA NO.1S B:LMT,TAPIA,NULL,All,NULL
PEPPER NO.3W BANK_497,EMS,ABC,en_675711,en_3421704,N,Y,Y,NULL,0,0,N,N,NULL,NULL,0,0,0,0,0,0,N,NULL,NULL,NULL,PEPPER NO.3W BANK:TYPE,PEPPER NO.3W :LMT,PEPPER,NULL,All,NULL
CALECTRIC NO.1W BANK_564,EMS,ABC,en_669350,en_1542701,N,Y,Y,NULL,0,0,N,N,NULL,NULL,0,0,0,0,0,0,N,NULL,NULL,NULL,CALECTRIC NO.1W BANK:TYPE,CALECTRIC NO.:LMT,CALECTRIC,NULL,All,NULL
CALECTRIC NO.1E BANK_565,EMS,ABC,en_669351,en_1542702,N,Y,Y,NULL,0,0,N,N,NULL,NULL,0,0,0,0,0,0,N,NULL,NULL,NULL,CALECTRIC NO.1E BANK:TYPE,CALECTRIC NO.:LMT,CALECTRIC,NULL,All,NULL
MOULTON NO.1E BANK_595,EMS,ABC,en_653201,en_4202701,N,Y,Y,NULL,0,0,N,N,NULL,NULL,0,0,0,0,0,0,N,NULL,NULL,NULL,MOULTON NO.1E BANK:TYPE,MOULTON NO.1E:LMT,MOULTON,NULL,All,NULL
MOULTON NO.1W BANK_600,EMS,ABC,en_653202,en_4202702,N,Y,Y,NULL,0,0,N,N,NULL,NULL,0,0,0,0,0,0,N,NULL,NULL,NULL,MOULTON NO.1W BANK:TYPE,MOULTON NO.1W:LMT,MOULTON,NULL,All,NULL
MOULTON NO.2E BANK_605,EMS,ABC,en_653401,en_4202704,N,Y,Y,NULL,0,0,N,N,NULL,NULL,0,0,0,0,0,0,N,NULL,NULL,NULL,MOULTON NO.2E BANK:TYPE,MOULTON NO.2E:LMT,MOULTON,NULL,All,NULL
MOULTON NO.2W BANK_606,EMS,ABC,en_653402,en_4202705,N,Y,Y,NULL,0,0,N,N,NULL,NULL,0,0,0,0,0,0,N,NULL,NULL,NULL,MOULTON NO.2W BANK:TYPE,MOULTON NO.2W:LMT,MOULTON,NULL,All,NULL
VALDEZ NO.2N BANK_863,EMS,ABC,en_793111,en_2038403,N,Y,Y,NULL,0,0,N,N,NULL,NULL,0,0,0,0,0,0,N,NULL,NULL,NULL,VALDEZ NO.2N BANK:TYPE,VALDEZ NO.2N :LMT,VALDEZ,NULL,All,NULL
VALDEZ NO.4N BANK_864,EMS,ABC,en_793110,en_2038123,N,Y,Y,NULL,0,0,N,N,NULL,NULL,0,0,0,0,0,0,N,NULL,NULL,NULL,VALDEZ NO.4N BANK:TYPE,VALDEZ NO.4N :LMT,VALDEZ,NULL,All,NULL
PHELAN NO.2E BANK_950,EMS,ABC,en_413111,en_415702,N,Y,Y,NULL,0,0,N,N,NULL,NULL,0,0,0,0,0,0,N,NULL,NULL,NULL,PHELAN NO.2E BANK:TYPE,PHELAN NO.2E :LMT,PHELAN,NULL,All,NULL
BAIN NO.1 BANK_958,EMS,ABC,en_619110,en_390116_S,N,Y,Y,NULL,0,0,N,N,NULL,NULL,0,0,0,0,0,0,N,NULL,NULL,NULL,BAIN NO.1 BANK:TYPE,BAIN NO.1 BAN:LMT,BAIN,NULL,All,NULL
BAIN NO.2 BANK_959,EMS,ABC,en_619111,en_390117_S,N,Y,Y,NULL,0,0,N,N,NULL,NULL,0,0,0,0,0,0,N,NULL,NULL,NULL,BAIN NO.2 BANK:TYPE,BAIN NO.2 BAN:LMT,BAIN,NULL,All,NULL
SAN ONOFRE NO.2 BANK_996,EMS,ABC,en_637006,en_613992_S,N,Y,Y,NULL,0,0,N,N,NULL,NULL,0,0,0,0,0,0,N,NULL,NULL,NULL,SAN ONOFRE NO.2 BANK:TYPE,SAN ONOFRE NO:LMT,SAN_ONOFRE,NULL,All,NULL
LAS LOMAS NO.1S BANK_997,EMS,ABC,en_1270128,en_4301129,N,Y,Y,NULL,0,0,N,N,NULL,NULL,0,0,0,0,0,0,N,NULL,NULL,NULL,LAS LOMAS NO.1S BANK:TYPE,LAS LOMAS NO.:LMT,LAS_LOMAS,NULL,All,NULL
NUGGET NO.1E BANK_1033,EMS,ABC,en_2045201,en_2046003,N,Y,Y,NULL,0,0,N,N,NULL,NULL,0,0,0,0,0,0,N,NULL,NULL,NULL,NUGGET NO.1E BANK:TYPE,NUGGET NO.1E :LMT,NUGGET,NULL,All,NULL
NUGGET NO.1W BANK_1034,EMS,ABC,en_2045202,en_2046002,N,Y,Y,NULL,0,0,N,N,NULL,NULL,0,0,0,0,0,0,N,NULL,NULL,NULL,NUGGET NO.1W BANK:TYPE,NUGGET NO.1W :LMT,NUGGET,NULL,All,NULL
VALDEZ NO.2S BANK_1035,EMS,ABC,en_793109,en_2038404,N,Y,Y,NULL,0,0,N,N,NULL,NULL,0,0,0,0,0,0,N,NULL,NULL,NULL,VALDEZ NO.2S BANK:TYPE,VALDEZ NO.2S :LMT,VALDEZ,NULL,All,NULL
VALDEZ NO.4S BANK_1036,EMS,ABC,en_793112,en_2038125,N,Y,Y,NULL,0,0,N,N,NULL,NULL,0,0,0,0,0,0,N,NULL,NULL,NULL,VALDEZ NO.4S BANK:TYPE,VALDEZ NO.4S :LMT,VALDEZ,NULL,All,NULL
CORONA NO.1 BANK_1254,EMS,ABC,en_587001,en_1529002_S,N,Y,Y,NULL,0,0,N,N,NULL,NULL,0,0,0,0,0,0,N,NULL,NULL,NULL,CORONA NO.1 BANK:TYPE,CORONA NO.1 B:LMT,CORONA,NULL,All,NULL
CORONA NO.2 BANK_1255,EMS,ABC,en_587002,en_1529003_S,N,Y,Y,NULL,0,0,N,N,NULL,NULL,0,0,0,0,0,0,N,NULL,NULL,NULL,CORONA NO.2 BANK:TYPE,CORONA NO.2 B:LMT,CORONA,NULL,All,NULL
CORONA NO.5 BANK_1256,EMS,ABC,en_587604,en_1530143_S,N,Y,Y,NULL,0,0,N,N,NULL,NULL,0,0,0,0,0,0,N,NULL,NULL,NULL,CORONA NO.5 BANK:TYPE,CORONA NO.5 B:LMT,CORONA,NULL,All,NULL
CORONA NO.6S BANK_1257,EMS,ABC,en_587607,en_1530140,N,Y,Y,NULL,0,0,N,N,NULL,NULL,0,0,0,0,0,0,N,NULL,NULL,NULL,CORONA NO.6S BANK:TYPE,CORONA NO.6S :LMT,CORONA,NULL,All,NULL
CORONA NO.6N BANK_1258,EMS,ABC,en_587667,en_1530139,N,Y,Y,NULL,0,0,N,N,NULL,NULL,0,0,0,0,0,0,N,NULL,NULL,NULL,CORONA NO.6N BANK:TYPE,CORONA NO.6N :LMT,CORONA,NULL,All,NULL
CORONA NO.7S BANK_1259,EMS,ABC,en_587609,en_1530142,N,Y,Y,NULL,0,0,N,N,NULL,NULL,0,0,0,0,0,0,N,NULL,NULL,NULL,CORONA NO.7S BANK:TYPE,CORONA NO.7S :LMT,CORONA,NULL,All,NULL
CORONA NO.7N BANK_1260,EMS,ABC,en_587669,en_1530141,N,Y,Y,NULL,0,0,N,N,NULL,NULL,0,0,0,0,0,0,N,NULL,NULL,NULL,CORONA NO.7N BANK:TYPE,CORONA NO.7N :LMT,CORONA,NULL,All,NULL
CORONA NO.3 BANK_1261,EMS,ABC,en_1529006,en_1531115_S,N,Y,Y,NULL,0,0,N,N,NULL,NULL,0,0,0,0,0,0,N,NULL,NULL,NULL,CORONA NO.3 BANK:TYPE,CORONA NO.3 B:LMT,CORONA,NULL,All,NULL
SANTIAGO NO.5E BANK_1272,EMS,ABC,en_640601,en_1536701,N,Y,Y,NULL,0,0,N,N,NULL,NULL,0,0,0,0,0,0,N,NULL,NULL,NULL,SANTIAGO NO.5E BANK:TYPE,SANTIAGO NO.5:LMT,SANTIAGO,NULL,All,NULL
SANTIAGO NO.5W BANK_1273,EMS,ABC,en_640661,en_1536702,N,Y,Y,NULL,0,0,N,N,NULL,NULL,0,0,0,0,0,0,N,NULL,NULL,NULL,SANTIAGO NO.5W BANK:TYPE,SANTIAGO NO.5:LMT,SANTIAGO,NULL,All,NULL
SANTIAGO NO.7E BANK_1274,EMS,ABC,en_640249,en_1536704,N,Y,Y,NULL,0,0,N,N,NULL,NULL,0,0,0,0,0,0,N,NULL,NULL,NULL,SANTIAGO NO.7E BANK:TYPE,SANTIAGO NO.7:LMT,SANTIAGO,NULL,All,NULL
SANTIAGO NO.8W BANK_1275,EMS,ABC,en_640605,en_1536708,N,Y,Y,NULL,0,0,N,N,NULL,NULL,0,0,0,0,0,0,N,NULL,NULL,NULL,SANTIAGO NO.8W BANK:TYPE,SANTIAGO NO.8:LMT,SANTIAGO,NULL,All,NULL
SANTIAGO NO.8E BANK_1276,EMS,ABC,en_640665,en_1536707,N,Y,Y,NULL,0,0,N,N,NULL,NULL,0,0,0,0,0,0,N,NULL,NULL,NULL,SANTIAGO NO.8E BANK:TYPE,SANTIAGO NO.8:LMT,SANTIAGO,NULL,All,NULL
COFFEE NO.1S BANK_1283,EMS,ABC,en_1881101,en_1882201,N,Y,Y,NULL,0,0,N,N,NULL,NULL,0,0,0,0,0,0,N,NULL,NULL,NULL,COFFEE NO.1S BANK:TYPE,COFFEE NO.1S :LMT,COFFEE,NULL,All,NULL
ARROWHEAD NO.3 BANK_1284,EMS,ABC,en_668005,en_1540008_S,N,Y,Y,NULL,0,0,N,N,NULL,NULL,0,0,0,0,0,0,N,NULL,NULL,NULL,ARROWHEAD NO.3 BANK:TYPE,ARROWHEAD NO.:LMT,ARROWHEAD,NULL,All,NULL
ARROWHEAD NO.4 BANK_1285,EMS,ABC,en_668008,en_1540004_S,N,Y,Y,NULL,0,0,N,N,NULL,NULL,0,0,0,0,0,0,N,NULL,NULL,NULL,ARROWHEAD NO.4 BANK:TYPE,ARROWHEAD NO.:LMT,ARROWHEAD,NULL,All,NULL
ARROWHEAD NO.1 BANK_1286,EMS,ABC,en_1540003,en_1541005_S,N,Y,Y,NULL,0,0,N,N,NULL,NULL,0,0,0,0,0,0,N,NULL,NULL,NULL,ARROWHEAD NO.1 BANK:TYPE,ARROWHEAD NO.:LMT,ARROWHEAD,NULL,All,NULL
COFFEE NO.1N BANK_1287,EMS,ABC,en_1881102,en_1882202,N,Y,Y,NULL,0,0,N,N,NULL,NULL,0,0,0,0,0,0,N,NULL,NULL,NULL,COFFEE NO.1N BANK:TYPE,COFFEE NO.1N :LMT,COFFEE,NULL,All,NULL
CALECTRIC NO.2W BANK_1288,EMS,ABC,en_669150,en_1542704,N,Y,Y,NULL,0,0,N,N,NULL,NULL,0,0,0,0,0,0,N,NULL,NULL,NULL,CALECTRIC NO.2W BANK:TYPE,CALECTRIC NO.:LMT,CALECTRIC,NULL,All,NULL
CALECTRIC NO.2E BANK_1289,EMS,ABC,en_669151,en_1542705,N,Y,Y,NULL,0,0,N,N,NULL,NULL,0,0,0,0,0,0,N,NULL,NULL,NULL,CALECTRIC NO.2E BANK:TYPE,CALECTRIC NO.:LMT,CALECTRIC,NULL,All,NULL
LATIGO NO.1 BANK_1291,EMS,ABC,en_799001,en_800114_S,N,Y,Y,NULL,0,0,N,N,NULL,NULL,0,0,0,0,0,0,N,NULL,NULL,NULL,LATIGO NO.1 BANK:TYPE,LATIGO NO.1 B:LMT,LATIGO,NULL,All,NULL
LATIGO NO.2 BANK_1294,EMS,ABC,en_799004,en_800115_S,N,Y,Y,NULL,0,0,N,N,NULL,NULL,0,0,0,0,0,0,N,NULL,NULL,NULL,LATIGO NO.2 BANK:TYPE,LATIGO NO.2 B:LMT,LATIGO,NULL,All,NULL
SANTIAGO NO.7W BANK_1302,EMS,ABC,en_640250,en_1536705,N,Y,Y,NULL,0,0,N,N,NULL,NULL,0,0,0,0,0,0,N,NULL,NULL,NULL,SANTIAGO NO.7W BANK:TYPE,SANTIAGO NO.7:LMT,SANTIAGO,NULL,All,NULL
COFFEE NO.2S BANK_1303,EMS,ABC,en_1881103,en_1882205,N,Y,Y,NULL,0,0,N,N,NULL,NULL,0,0,0,0,0,0,N,NULL,NULL,NULL,COFFEE NO.2S BANK:TYPE,COFFEE NO.2S :LMT,COFFEE,NULL,All,NULL
COFFEE NO.2N BANK_1308,EMS,ABC,en_1881104,en_1882206,N,Y,Y,NULL,0,0,N,N,NULL,NULL,0,0,0,0,0,0,N,NULL,NULL,NULL,COFFEE NO.2N BANK:TYPE,COFFEE NO.2N :LMT,COFFEE,NULL,All,NULL
ARCHIBALD NO.2E BANK_2031,EMS,ABC,en_582119,en_3010704,N,Y,Y,NULL,0,0,N,N,NULL,NULL,0,0,0,0,0,0,N,NULL,NULL,NULL,ARCHIBALD NO.2E BANK:TYPE,ARCHIBALD NO.:LMT,ARCHIBALD,NULL,All,NULL
ARCHIBALD NO.1S BANK_2032,EMS,ABC,en_582090,en_3010702,N,Y,Y,NULL,0,0,N,N,NULL,NULL,0,0,0,0,0,0,N,NULL,NULL,NULL,ARCHIBALD NO.1S BANK:TYPE,ARCHIBALD NO.:LMT,ARCHIBALD,NULL,All,NULL
ARCHIBALD NO.1N BANK_2033,EMS,ABC,en_582113,en_3010701,N,Y,Y,NULL,0,0,N,N,NULL,NULL,0,0,0,0,0,0,N,NULL,NULL,NULL,ARCHIBALD NO.1N BANK:TYPE,ARCHIBALD NO.:LMT,ARCHIBALD,NULL,All,NULL
BLOOMINGTON NO.2N BANK_2038,EMS,ABC,en_683701,en_3013701,N,Y,Y,NULL,0,0,N,N,NULL,NULL,0,0,0,0,0,0,N,NULL,NULL,NULL,BLOOMINGTON NO.2N BANK:TYPE,BLOOMINGTON N:LMT,BLOOMINGTON,NULL,All,NULL
BLOOMINGTON NO.2S BANK_2039,EMS,ABC,en_683702,en_3013702,N,Y,Y,NULL,0,0,N,N,NULL,NULL,0,0,0,0,0,0,N,NULL,NULL,NULL,BLOOMINGTON NO.2S BANK:TYPE,BLOOMINGTON N:LMT,BLOOMINGTON,NULL,All,NULL
BLOOMINGTON NO.4N BANK_2040,EMS,ABC,en_683704,en_3013704,N,Y,Y,NULL,0,0,N,N,NULL,NULL,0,0,0,0,0,0,N,NULL,NULL,NULL,BLOOMINGTON NO.4N BANK:TYPE,BLOOMINGTON N:LMT,BLOOMINGTON,NULL,All,NULL
BLOOMINGTON NO.4S BANK_2041,EMS,ABC,en_683705,en_3013705,N,Y,Y,NULL,0,0,N,N,NULL,NULL,0,0,0,0,0,0,N,NULL,NULL,NULL,BLOOMINGTON NO.4S BANK:TYPE,BLOOMINGTON N:LMT,BLOOMINGTON,NULL,All,NULL
FARRELL NO.1N BANK_2044,EMS,ABC,en_513112,en_3015701,N,Y,Y,NULL,0,0,N,N,NULL,NULL,0,0,0,0,0,0,N,NULL,NULL,NULL,FARRELL NO.1N BANK:TYPE,FARRELL NO.1N:LMT,FARRELL,NULL,All,NULL
FARRELL NO.1S BANK_2045,EMS,ABC,en_513702,en_3015702,N,Y,Y,NULL,0,0,N,N,NULL,NULL,0,0,0,0,0,0,N,NULL,NULL,NULL,FARRELL NO.1S BANK:TYPE,FARRELL NO.1S:LMT,FARRELL,NULL,All,NULL
FARRELL NO.2N BANK_2046,EMS,ABC,en_513113,en_3015704,N,Y,Y,NULL,0,0,N,N,NULL,NULL,0,0,0,0,0,0,N,NULL,NULL,NULL,FARRELL NO.2N BANK:TYPE,FARRELL NO.2N:LMT,FARRELL,NULL,All,NULL
FARRELL NO.2S BANK_2047,EMS,ABC,en_513705,en_3015705,N,Y,Y,NULL,0,0,N,N,NULL,NULL,0,0,0,0,0,0,N,NULL,NULL,NULL,FARRELL NO.2S BANK:TYPE,FARRELL NO.2S:LMT,FARRELL,NULL,All,NULL
HUSTON NO.1E BANK_2051,EMS,ABC,en_3019701,en_3020701,N,Y,Y,NULL,0,0,N,N,NULL,NULL,0,0,0,0,0,0,N,NULL,NULL,NULL,HUSTON NO.1E BANK:TYPE,HUSTON NO.1E :LMT,HUSTON,NULL,All,NULL
HUSTON NO.1W BANK_2052,EMS,ABC,en_3019702,en_3020702,N,Y,Y,NULL,0,0,N,N,NULL,NULL,0,0,0,0,0,0,N,NULL,NULL,NULL,HUSTON NO.1W BANK:TYPE,HUSTON NO.1W :LMT,HUSTON,NULL,All,NULL
RUNNING SPRINGS NO.1N BANK_2054,EMS,ABC,en_3022701,en_3023701,N,Y,Y,NULL,0,0,N,N,NULL,NULL,0,0,0,0,0,0,N,NULL,NULL,NULL,RUNNING SPRINGS NO.1N BANK:TYPE,RUNNING SPRIN:LMT,RUNNING_SPRINGS,NULL,All,NULL
RUNNING SPRINGS NO.1S BANK_2055,EMS,ABC,en_3022702,en_3023702,N,Y,Y,NULL,0,0,N,N,NULL,NULL,0,0,0,0,0,0,N,NULL,NULL,NULL,RUNNING SPRINGS NO.1S BANK:TYPE,RUNNING SPRIN:LMT,RUNNING_SPRINGS,NULL,All,NULL
OAK PARK NO.1W BANK_2069,EMS,ABC,en_785900,en_3512704,N,Y,Y,NULL,0,0,N,N,NULL,NULL,0,0,0,0,0,0,N,NULL,NULL,NULL,OAK PARK NO.1W BANK:TYPE,OAK PARK NO.1:LMT,OAK_PARK,NULL,All,NULL
OAK PARK NO.2W BANK_2070,EMS,ABC,en_785105,en_3512701,N,Y,Y,NULL,0,0,N,N,NULL,NULL,0,0,0,0,0,0,N,NULL,NULL,NULL,OAK PARK NO.2W BANK:TYPE,OAK PARK NO.2:LMT,OAK_PARK,NULL,All,NULL
OAK PARK NO.2E BANK_2071,EMS,ABC,en_785108,en_3512702,N,Y,Y,NULL,0,0,N,N,NULL,NULL,0,0,0,0,0,0,N,NULL,NULL,NULL,OAK PARK NO.2E BANK:TYPE,OAK PARK NO.2:LMT,OAK_PARK,NULL,All,NULL
NEWBURY NO.1N BANK_2081,EMS,ABC,en_803701,en_3037701,N,Y,Y,NULL,0,0,N,N,NULL,NULL,0,0,0,0,0,0,N,NULL,NULL,NULL,NEWBURY NO.1N BANK:TYPE,NEWBURY NO.1N:LMT,NEWBURY,NULL,All,NULL
NEWBURY NO.1S BANK_2082,EMS,ABC,en_803702,en_3037702,N,Y,Y,NULL,0,0,N,N,NULL,NULL,0,0,0,0,0,0,N,NULL,NULL,NULL,NEWBURY NO.1S BANK:TYPE,NEWBURY NO.1S:LMT,NEWBURY,NULL,All,NULL
NEWBURY NO.2N BANK_2083,EMS,ABC,en_803704,en_3037704,N,Y,Y,NULL,0,0,N,N,NULL,NULL,0,0,0,0,0,0,N,NULL,NULL,NULL,NEWBURY NO.2N BANK:TYPE,NEWBURY NO.2N:LMT,NEWBURY,NULL,All,NULL
NEWBURY NO.2S BANK_2084,EMS,ABC,en_803705,en_3037705,N,Y,Y,NULL,0,0,N,N,NULL,NULL,0,0,0,0,0,0,N,NULL,NULL,NULL,NEWBURY NO.2S BANK:TYPE,NEWBURY NO.2S:LMT,NEWBURY,NULL,All,NULL
ROYAL NO.1W BANK_2087,EMS,ABC,en_783113,en_3039701,N,Y,Y,NULL,0,0,N,N,NULL,NULL,0,0,0,0,0,0,N,NULL,NULL,NULL,ROYAL NO.1W BANK:TYPE,ROYAL NO.1W B:LMT,ROYAL,NULL,All,NULL
ROYAL NO.1E BANK_2088,EMS,ABC,en_783702,en_3039702,N,Y,Y,NULL,0,0,N,N,NULL,NULL,0,0,0,0,0,0,N,NULL,NULL,NULL,ROYAL NO.1E BANK:TYPE,ROYAL NO.1E B:LMT,ROYAL,NULL,All,NULL
ROYAL NO.2W BANK_2089,EMS,ABC,en_783115,en_3039704,N,Y,Y,NULL,0,0,N,N,NULL,NULL,0,0,0,0,0,0,N,NULL,NULL,NULL,ROYAL NO.2W BANK:TYPE,ROYAL NO.2W B:LMT,ROYAL,NULL,All,NULL
ROYAL NO.2E BANK_2090,EMS,ABC,en_783705,en_3039705,N,Y,Y,NULL,0,0,N,N,NULL,NULL,0,0,0,0,0,0,N,NULL,NULL,NULL,ROYAL NO.2E BANK:TYPE,ROYAL NO.2E B:LMT,ROYAL,NULL,All,NULL
SAVAGE NO.1W BANK_2091,EMS,ABC,en_418701,en_3040701,N,Y,Y,NULL,0,0,N,N,NULL,NULL,0,0,0,0,0,0,N,NULL,NULL,NULL,SAVAGE NO.1W BANK:TYPE,SAVAGE NO.1W :LMT,SAVAGE,NULL,All,NULL
SAVAGE NO.1E BANK_2092,EMS,ABC,en_418702,en_3040702,N,Y,Y,NULL,0,0,N,N,NULL,NULL,0,0,0,0,0,0,N,NULL,NULL,NULL,SAVAGE NO.1E BANK:TYPE,SAVAGE NO.1E :LMT,SAVAGE,NULL,All,NULL
SAVAGE NO.2W BANK_2093,EMS,ABC,en_418704,en_3040704,N,Y,Y,NULL,0,0,N,N,NULL,NULL,0,0,0,0,0,0,N,NULL,NULL,NULL,SAVAGE NO.2W BANK:TYPE,SAVAGE NO.2W :LMT,SAVAGE,NULL,All,NULL
SAVAGE NO.2E BANK_2094,EMS,ABC,en_418705,en_3040705,N,Y,Y,NULL,0,0,N,N,NULL,NULL,0,0,0,0,0,0,N,NULL,NULL,NULL,SAVAGE NO.2E BANK:TYPE,SAVAGE NO.2E :LMT,SAVAGE,NULL,All,NULL
THOUSAND OAKS NO.1N BANK_2095,EMS,ABC,en_801116,en_3041701,N,Y,Y,NULL,0,0,N,N,NULL,NULL,0,0,0,0,0,0,N,NULL,NULL,NULL,THOUSAND OAKS NO.1N BANK:TYPE,THOUSAND OAKS:LMT,THOUSAND_OAKS,NULL,All,NULL
THOUSAND OAKS NO.1S BANK_2096,EMS,ABC,en_801316,en_3041702,N,Y,Y,NULL,0,0,N,N,NULL,NULL,0,0,0,0,0,0,N,NULL,NULL,NULL,THOUSAND OAKS NO.1S BANK:TYPE,THOUSAND OAKS:LMT,THOUSAND_OAKS,NULL,All,NULL
THOUSAND OAKS NO.2N BANK_2097,EMS,ABC,en_801119,en_3041704,N,Y,Y,NULL,0,0,N,N,NULL,NULL,0,0,0,0,0,0,N,NULL,NULL,NULL,THOUSAND OAKS NO.2N BANK:TYPE,THOUSAND OAKS:LMT,THOUSAND_OAKS,NULL,All,NULL
THOUSAND OAKS NO.2S BANK_2098,EMS,ABC,en_801319,en_3041705,N,Y,Y,NULL,0,0,N,N,NULL,NULL,0,0,0,0,0,0,N,NULL,NULL,NULL,THOUSAND OAKS NO.2S BANK:TYPE,THOUSAND OAKS:LMT,THOUSAND_OAKS,NULL,All,NULL
PALM CANYON NO.2W BANK_2206,EMS,ABC,en_3144091,en_3145702,N,Y,Y,NULL,0,0,N,N,NULL,NULL,0,0,0,0,0,0,N,NULL,NULL,NULL,PALM CANYON NO.2W BANK:TYPE,PALM CANYON N:LMT,PALM_CANYON,NULL,All,NULL
PALM CANYON NO.2E BANK_2207,EMS,ABC,en_3144092,en_3145703,N,Y,Y,NULL,0,0,N,N,NULL,NULL,0,0,0,0,0,0,N,NULL,NULL,NULL,PALM CANYON NO.2E BANK:TYPE,PALM CANYON N:LMT,PALM_CANYON,NULL,All,NULL
PALM CANYON NO.1 BANK_2208,EMS,ABC,en_3144105,en_3146701_S,N,Y,Y,NULL,0,0,N,N,NULL,NULL,0,0,0,0,0,0,N,NULL,NULL,NULL,PALM CANYON NO.1 BANK:TYPE,PALM CANYON N:LMT,PALM_CANYON,NULL,All,NULL
BRYMAN NO.1 BANK_2212,EMS,ABC,en_3150701,en_3151701_S,N,Y,Y,NULL,0,0,N,N,NULL,NULL,0,0,0,0,0,0,N,NULL,NULL,NULL,BRYMAN NO.1 BANK:TYPE,BRYMAN NO.1 B:LMT,BRYMAN,NULL,All,NULL
ROADWAY NO.2S BANK_2273,EMS,ABC,en_417704,en_3571704,N,Y,Y,NULL,0,0,N,N,NULL,NULL,0,0,0,0,0,0,N,NULL,NULL,NULL,ROADWAY NO.2S BANK:TYPE,ROADWAY NO.2S:LMT,ROADWAY,NULL,All,NULL
GLEN AVON NO.2N BANK_2513,EMS,ABC,en_688667,en_4011701,N,Y,Y,NULL,0,0,N,N,NULL,NULL,0,0,0,0,0,0,N,NULL,NULL,NULL,GLEN AVON NO.2N BANK:TYPE,GLEN AVON NO.:LMT,GLEN_AVON,NULL,All,NULL
GLEN AVON NO.2S BANK_2514,EMS,ABC,en_688668,en_4011702,N,Y,Y,NULL,0,0,N,N,NULL,NULL,0,0,0,0,0,0,N,NULL,NULL,NULL,GLEN AVON NO.2S BANK:TYPE,GLEN AVON NO.:LMT,GLEN_AVON,NULL,All,NULL
GLEN AVON NO.3S BANK_2515,EMS,ABC,en_688670,en_4011704,N,Y,Y,NULL,0,0,N,N,NULL,NULL,0,0,0,0,0,0,N,NULL,NULL,NULL,GLEN AVON NO.3S BANK:TYPE,GLEN AVON NO.:LMT,GLEN_AVON,NULL,All,NULL
SUNNYSIDE NO.2W BANK_2521,EMS,ABC,en_283901,en_284148,N,Y,Y,NULL,0,0,N,N,NULL,NULL,0,0,0,0,0,0,N,NULL,NULL,NULL,SUNNYSIDE NO.2W BANK:TYPE,SUNNYSIDE NO.:LMT,SUNNYSIDE,NULL,All,NULL
LAS LOMAS NO.2 BANK_2651,EMS,ABC,en_1270113,en_4301127_S,N,Y,Y,NULL,0,0,N,N,NULL,NULL,0,0,0,0,0,0,N,NULL,NULL,NULL,LAS LOMAS NO.2 BANK:TYPE,LAS LOMAS NO.:LMT,LAS_LOMAS,NULL,All,NULL
CHASE NO.1N BANK_2658,EMS,ABC,en_583111,en_4103701,N,Y,Y,NULL,0,0,N,N,NULL,NULL,0,0,0,0,0,0,N,NULL,NULL,NULL,CHASE NO.1N BANK:TYPE,CHASE NO.1N B:LMT,CHASE,NULL,All,NULL
CHASE NO.1S BANK_2659,EMS,ABC,en_583131,en_4103702,N,Y,Y,NULL,0,0,N,N,NULL,NULL,0,0,0,0,0,0,N,NULL,NULL,NULL,CHASE NO.1S BANK:TYPE,CHASE NO.1S B:LMT,CHASE,NULL,All,NULL
CHASE NO.2N BANK_2660,EMS,ABC,en_583112,en_4103704,N,Y,Y,NULL,0,0,N,N,NULL,NULL,0,0,0,0,0,0,N,NULL,NULL,NULL,CHASE NO.2N BANK:TYPE,CHASE NO.2N B:LMT,CHASE,NULL,All,NULL
CHASE NO.2S BANK_2661,EMS,ABC,en_583141,en_4103705,N,Y,Y,NULL,0,0,N,N,NULL,NULL,0,0,0,0,0,0,N,NULL,NULL,NULL,CHASE NO.2S BANK:TYPE,CHASE NO.2S B:LMT,CHASE,NULL,All,NULL
OLDFIELD NO.2 BANK_2669,EMS,ABC,en_3199002,en_3200005_S,N,Y,Y,NULL,0,0,N,N,NULL,NULL,0,0,0,0,0,0,N,NULL,NULL,NULL,OLDFIELD NO.2 BANK:TYPE,OLDFIELD NO.2:LMT,OLDFIELD,NULL,All,NULL
OLDFIELD NO.1 BANK_2670,EMS,ABC,en_3199006,en_3200009_S,N,Y,Y,NULL,0,0,N,N,NULL,NULL,0,0,0,0,0,0,N,NULL,NULL,NULL,OLDFIELD NO.1 BANK:TYPE,OLDFIELD NO.1:LMT,OLDFIELD,NULL,All,NULL
CRATER NO.2 BANK_2682,EMS,ABC,en_791003,en_4114008_S,N,Y,Y,NULL,0,0,N,N,NULL,NULL,0,0,0,0,0,0,N,NULL,NULL,NULL,CRATER NO.2 BANK:TYPE,CRATER NO.2 B:LMT,CRATER,NULL,All,NULL
CRATER NO.3 BANK_2683,EMS,ABC,en_791005,en_4114012_S,N,Y,Y,NULL,0,0,N,N,NULL,NULL,0,0,0,0,0,0,N,NULL,NULL,NULL,CRATER NO.3 BANK:TYPE,CRATER NO.3 B:LMT,CRATER,NULL,All,NULL
DEVERS NO.6S BANK_2713,EMS,ABC,en_503209,en_4129701,N,Y,Y,NULL,0,0,N,N,NULL,NULL,0,0,0,0,0,0,N,NULL,NULL,NULL,DEVERS NO.6S BANK:TYPE,DEVERS NO.6S :LMT,DEVERS,NULL,All,NULL
DEVERS NO.7S BANK_2714,EMS,ABC,en_503208,en_4129704,N,Y,Y,NULL,0,0,N,N,NULL,NULL,0,0,0,0,0,0,N,NULL,NULL,NULL,DEVERS NO.7S BANK:TYPE,DEVERS NO.7S :LMT,DEVERS,NULL,All,NULL
CARODEAN NO.1 BANK_2715,EMS,ABC,en_510701,en_4130701_S,N,Y,Y,NULL,0,0,N,N,NULL,NULL,0,0,0,0,0,0,N,NULL,NULL,NULL,CARODEAN NO.1 BANK:TYPE,CARODEAN NO.1:LMT,CARODEAN,NULL,All,NULL
CARODEAN NO.2 BANK_2716,EMS,ABC,en_510702,en_4130702_S,N,Y,Y,NULL,0,0,N,N,NULL,NULL,0,0,0,0,0,0,N,NULL,NULL,NULL,CARODEAN NO.2 BANK:TYPE,CARODEAN NO.2:LMT,CARODEAN,NULL,All,NULL
COLTON NO.3 BANK_2723,EMS,ABC,en_686011,en_4143006_S,N,Y,Y,NULL,0,0,N,N,NULL,NULL,0,0,0,0,0,0,N,NULL,NULL,NULL,COLTON NO.3 BANK:TYPE,COLTON NO.3 B:LMT,COLTON,NULL,All,NULL
COLTON NO.4 BANK_2724,EMS,ABC,en_686005,en_4143014_S,N,Y,Y,NULL,0,0,N,N,NULL,NULL,0,0,0,0,0,0,N,NULL,NULL,NULL,COLTON NO.4 BANK:TYPE,COLTON NO.4 B:LMT,COLTON,NULL,All,NULL
AQUEDUCT NO.2W BANK_2727,EMS,ABC,en_407108,en_4147701,N,Y,Y,NULL,0,0,N,N,NULL,NULL,0,0,0,0,0,0,N,NULL,NULL,NULL,AQUEDUCT NO.2W BANK:TYPE,AQUEDUCT NO.2:LMT,AQUEDUCT,NULL,All,NULL
AQUEDUCT NO.2E BANK_2728,EMS,ABC,en_407110,en_4147702,N,Y,Y,NULL,0,0,N,N,NULL,NULL,0,0,0,0,0,0,N,NULL,NULL,NULL,AQUEDUCT NO.2E BANK:TYPE,AQUEDUCT NO.2:LMT,AQUEDUCT,NULL,All,NULL
AQUEDUCT NO.1W BANK_2729,EMS,ABC,en_407109,en_4147002,N,Y,Y,NULL,0,0,N,N,NULL,NULL,0,0,0,0,0,0,N,NULL,NULL,NULL,AQUEDUCT NO.1W BANK:TYPE,AQUEDUCT NO.1:LMT,AQUEDUCT,NULL,All,NULL
VICTORVILLE NO.2N BANK_2744,EMS,ABC,en_4158701,en_4159701,N,Y,Y,NULL,0,0,N,N,NULL,NULL,0,0,0,0,0,0,N,NULL,NULL,NULL,VICTORVILLE NO.2N BANK:TYPE,VICTORVILLE N:LMT,VICTORVILLE,NULL,All,NULL
VICTORVILLE NO.2S BANK_2745,EMS,ABC,en_4158702,en_4159702,N,Y,Y,NULL,0,0,N,N,NULL,NULL,0,0,0,0,0,0,N,NULL,NULL,NULL,VICTORVILLE NO.2S BANK:TYPE,VICTORVILLE N:LMT,VICTORVILLE,NULL,All,NULL
VICTORVILLE NO.1 BANK_2746,EMS,ABC,en_4158703,en_4160703_S,N,Y,Y,NULL,0,0,N,N,NULL,NULL,0,0,0,0,0,0,N,NULL,NULL,NULL,VICTORVILLE NO.1 BANK:TYPE,VICTORVILLE N:LMT,VICTORVILLE,NULL,All,NULL
MILLIKEN NO.2E BANK_2803,EMS,ABC,en_598121,en_4203701,N,Y,Y,NULL,0,0,N,N,NULL,NULL,0,0,0,0,0,0,N,NULL,NULL,NULL,MILLIKEN NO.2E BANK:TYPE,MILLIKEN NO.2:LMT,MILLIKEN,NULL,All,NULL
MILLIKEN NO.2W BANK_2804,EMS,ABC,en_598113,en_4203702,N,Y,Y,NULL,0,0,N,N,NULL,NULL,0,0,0,0,0,0,N,NULL,NULL,NULL,MILLIKEN NO.2W BANK:TYPE,MILLIKEN NO.2:LMT,MILLIKEN,NULL,All,NULL
MILLIKEN NO.3E BANK_2805,EMS,ABC,en_598114,en_4203704,N,Y,Y,NULL,0,0,N,N,NULL,NULL,0,0,0,0,0,0,N,NULL,NULL,NULL,MILLIKEN NO.3E BANK:TYPE,MILLIKEN NO.3:LMT,MILLIKEN,NULL,All,NULL
MILLIKEN NO.3W BANK_2806,EMS,ABC,en_598122,en_4203705,N,Y,Y,NULL,0,0,N,N,NULL,NULL,0,0,0,0,0,0,N,NULL,NULL,NULL,MILLIKEN NO.3W BANK:TYPE,MILLIKEN NO.3:LMT,MILLIKEN,NULL,All,NULL
CARSON NO.4S BANK_2814,EMS,ABC,en_256901,en_257703,N,Y,Y,NULL,0,0,N,N,NULL,NULL,0,0,0,0,0,0,N,NULL,NULL,NULL,CARSON NO.4S BANK:TYPE,CARSON NO.4S :LMT,CARSON,NULL,All,NULL
SIGNAL HILL NO.1E BANK_2818,EMS,ABC,en_280901,en_281702,N,Y,Y,NULL,0,0,N,N,NULL,NULL,0,0,0,0,0,0,N,NULL,NULL,NULL,SIGNAL HILL NO.1E BANK:TYPE,SIGNAL HILL N:LMT,SIGNAL_HILL,NULL,All,NULL
MALIBU NO.1 BANK_2826,EMS,ABC,en_787111,en_4214701_S,N,Y,Y,NULL,0,0,N,N,NULL,NULL,0,0,0,0,0,0,N,NULL,NULL,NULL,MALIBU NO.1 BANK:TYPE,MALIBU NO.1 B:LMT,MALIBU,NULL,All,NULL
MALIBU NO.2 BANK_2827,EMS,ABC,en_787112,en_4214702_S,N,Y,Y,NULL,0,0,N,N,NULL,NULL,0,0,0,0,0,0,N,NULL,NULL,NULL,MALIBU NO.2 BANK:TYPE,MALIBU NO.2 B:LMT,MALIBU,NULL,All,NULL
POTRERO NO.1N BANK_2830,EMS,ABC,en_805114,en_4216701,N,Y,Y,NULL,0,0,N,N,NULL,NULL,0,0,0,0,0,0,N,NULL,NULL,NULL,POTRERO NO.1N BANK:TYPE,POTRERO NO.1N:LMT,POTRERO,NULL,All,NULL
POTRERO NO.1S BANK_2831,EMS,ABC,en_805702,en_4216702,N,Y,Y,NULL,0,0,N,N,NULL,NULL,0,0,0,0,0,0,N,NULL,NULL,NULL,POTRERO NO.1S BANK:TYPE,POTRERO NO.1S:LMT,POTRERO,NULL,All,NULL
POTRERO NO.3N BANK_2832,EMS,ABC,en_805116,en_4216704,N,Y,Y,NULL,0,0,N,N,NULL,NULL,0,0,0,0,0,0,N,NULL,NULL,NULL,POTRERO NO.3N BANK:TYPE,POTRERO NO.3N:LMT,POTRERO,NULL,All,NULL
POTRERO NO.3S BANK_2833,EMS,ABC,en_805703,en_4216705,N,Y,Y,NULL,0,0,N,N,NULL,NULL,0,0,0,0,0,0,N,NULL,NULL,NULL,POTRERO NO.3S BANK:TYPE,POTRERO NO.3S:LMT,POTRERO,NULL,All,NULL
PHARMACY NO.1 BANK_2835,EMS,ABC,en_795002,en_4218999_S,N,Y,Y,NULL,0,0,N,N,NULL,NULL,0,0,0,0,0,0,N,NULL,NULL,NULL,PHARMACY NO.1 BANK:TYPE,PHARMACY NO.1:LMT,PHARMACY,NULL,All,NULL
PHARMACY NO.2 BANK_2836,EMS,ABC,en_795004,en_4218998_S,N,Y,Y,NULL,0,0,N,N,NULL,NULL,0,0,0,0,0,0,N,NULL,NULL,NULL,PHARMACY NO.2 BANK:TYPE,PHARMACY NO.2:LMT,PHARMACY,NULL,All,NULL
YUCCA NO.1 BANK_2855,EMS,ABC,en_533107,en_4231701_S,N,Y,Y,NULL,0,0,N,N,NULL,NULL,0,0,0,0,0,0,N,NULL,NULL,NULL,YUCCA NO.1 BANK:TYPE,YUCCA NO.1 BA:LMT,YUCCA,NULL,All,NULL
YUCCA NO.2 BANK_2856,EMS,ABC,en_533106,en_4231702_S,N,Y,Y,NULL,0,0,N,N,NULL,NULL,0,0,0,0,0,0,N,NULL,NULL,NULL,YUCCA NO.2 BANK:TYPE,YUCCA NO.2 BA:LMT,YUCCA,NULL,All,NULL
LAS LOMAS NO.1N BANK_2901,EMS,ABC,en_1270112,en_4301126,N,Y,Y,NULL,0,0,N,N,NULL,NULL,0,0,0,0,0,0,N,NULL,NULL,NULL,LAS LOMAS NO.1N BANK:TYPE,LAS LOMAS NO.:LMT,LAS_LOMAS,NULL,All,NULL
SANTIAGO NO.10 BANK_2911,EMS,ABC,en_640027,en_1573031_S,N,Y,Y,NULL,0,0,N,N,NULL,NULL,0,0,0,0,0,0,N,NULL,NULL,NULL,SANTIAGO NO.10 BANK:TYPE,SANTIAGO NO.1:LMT,SANTIAGO,NULL,All,NULL
SANTIAGO NO.9 BANK_2913,EMS,ABC,en_640018,en_1573011_S,N,Y,Y,NULL,0,0,N,N,NULL,NULL,0,0,0,0,0,0,N,NULL,NULL,NULL,SANTIAGO NO.9 BANK:TYPE,SANTIAGO NO.9:LMT,SANTIAGO,NULL,All,NULL
BURNT MILL NO.1 BANK_2914,EMS,ABC,en_3017002,en_3018006_S,N,Y,Y,NULL,0,0,N,N,NULL,NULL,0,0,0,0,0,0,N,NULL,NULL,NULL,BURNT MILL NO.1 BANK:TYPE,BURNT MILL NO:LMT,BURNT_MILL,NULL,All,NULL
BURNT MILL NO.2 BANK_2915,EMS,ABC,en_3017005,en_3018007_S,N,Y,Y,NULL,0,0,N,N,NULL,NULL,0,0,0,0,0,0,N,NULL,NULL,NULL,BURNT MILL NO.2 BANK:TYPE,BURNT MILL NO:LMT,BURNT_MILL,NULL,All,NULL
THORNHILL NO.1W BANK_3063,EMS,ABC,en_526109,en_3247701,N,Y,Y,NULL,0,0,N,N,NULL,NULL,0,0,0,0,0,0,N,NULL,NULL,NULL,THORNHILL NO.1W BANK:TYPE,THORNHILL NO.:LMT,THORNHILL,NULL,All,NULL
THORNHILL NO.1E BANK_3064,EMS,ABC,en_526090,en_3247702,N,Y,Y,NULL,0,0,N,N,NULL,NULL,0,0,0,0,0,0,N,NULL,NULL,NULL,THORNHILL NO.1E BANK:TYPE,THORNHILL NO.:LMT,THORNHILL,NULL,All,NULL
JERSEY NO.1 BANK_3094,EMS,ABC,en_272901,en_3267701_S,N,Y,Y,NULL,0,0,N,N,NULL,NULL,0,0,0,0,0,0,N,NULL,NULL,NULL,JERSEY NO.1 BANK:TYPE,JERSEY NO.1 B:LMT,JERSEY,NULL,All,NULL
JERSEY NO.2W BANK_3095,EMS,ABC,en_272900,en_3267704,N,Y,Y,NULL,0,0,N,N,NULL,NULL,0,0,0,0,0,0,N,NULL,NULL,NULL,JERSEY NO.2W BANK:TYPE,JERSEY NO.2W :LMT,JERSEY,NULL,All,NULL
JERSEY NO.2E BANK_3096,EMS,ABC,en_272090,en_3267705,N,Y,Y,NULL,0,0,N,N,NULL,NULL,0,0,0,0,0,0,N,NULL,NULL,NULL,JERSEY NO.2E BANK:TYPE,JERSEY NO.2E :LMT,JERSEY,NULL,All,NULL
NOLA NO.3S BANK_3099,EMS,ABC,en_273900,en_3269701,N,Y,Y,NULL,0,0,N,N,NULL,NULL,0,0,0,0,0,0,N,NULL,NULL,NULL,NOLA NO.3S BANK:TYPE,NOLA NO.3S BA:LMT,NOLA,NULL,All,NULL
NOLA NO.3N BANK_3100,EMS,ABC,en_273090,en_3269702,N,Y,Y,NULL,0,0,N,N,NULL,NULL,0,0,0,0,0,0,N,NULL,NULL,NULL,NOLA NO.3N BANK:TYPE,NOLA NO.3N BA:LMT,NOLA,NULL,All,NULL
BORREGO NO.2N BANK_3118,EMS,ABC,en_642090,en_3286701,N,Y,Y,NULL,0,0,N,N,NULL,NULL,0,0,0,0,0,0,N,NULL,NULL,NULL,BORREGO NO.2N BANK:TYPE,BORREGO NO.2N:LMT,BORREGO,NULL,All,NULL
BORREGO NO.2S BANK_3119,EMS,ABC,en_642091,en_3286702,N,Y,Y,NULL,0,0,N,N,NULL,NULL,0,0,0,0,0,0,N,NULL,NULL,NULL,BORREGO NO.2S BANK:TYPE,BORREGO NO.2S:LMT,BORREGO,NULL,All,NULL
BORREGO NO.4 BANK_3120,EMS,ABC,en_642092,en_3286062_S,N,Y,Y,NULL,0,0,N,N,NULL,NULL,0,0,0,0,0,0,N,NULL,NULL,NULL,BORREGO NO.4 BANK:TYPE,BORREGO NO.4 :LMT,BORREGO,NULL,All,NULL
IRVINE NO.2N BANK_3143,EMS,ABC,en_649090,en_3297701,N,Y,Y,NULL,0,0,N,N,NULL,NULL,0,0,0,0,0,0,N,NULL,NULL,NULL,IRVINE NO.2N BANK:TYPE,IRVINE NO.2N :LMT,IRVINE,NULL,All,NULL
IRVINE NO.2S BANK_3144,EMS,ABC,en_649091,en_3297702,N,Y,Y,NULL,0,0,N,N,NULL,NULL,0,0,0,0,0,0,N,NULL,NULL,NULL,IRVINE NO.2S BANK:TYPE,IRVINE NO.2S :LMT,IRVINE,NULL,All,NULL
IRVINE NO.1N BANK_3145,EMS,ABC,en_649092,en_3297704,N,Y,Y,NULL,0,0,N,N,NULL,NULL,0,0,0,0,0,0,N,NULL,NULL,NULL,IRVINE NO.1N BANK:TYPE,IRVINE NO.1N :LMT,IRVINE,NULL,All,NULL
MORRO NO.2 BANK_3151,EMS,ABC,en_652002,en_3300006_S,N,Y,Y,NULL,0,0,N,N,NULL,NULL,0,0,0,0,0,0,N,NULL,NULL,NULL,MORRO NO.2 BANK:TYPE,MORRO NO.2 BA:LMT,MORRO,NULL,All,NULL
MORRO NO.1 BANK_3152,EMS,ABC,en_652004,en_3300012_S,N,Y,Y,NULL,0,0,N,N,NULL,NULL,0,0,0,0,0,0,N,NULL,NULL,NULL,MORRO NO.1 BANK:TYPE,MORRO NO.1 BA:LMT,MORRO,NULL,All,NULL
MAXWELL NO.1S BANK_3198,EMS,ABC,en_667090,en_3313701,N,Y,Y,NULL,0,0,N,N,NULL,NULL,0,0,0,0,0,0,N,NULL,NULL,NULL,MAXWELL NO.1S BANK:TYPE,MAXWELL NO.1S:LMT,MAXWELL,NULL,All,NULL
MAXWELL NO.1N BANK_3199,EMS,ABC,en_667091,en_3313702,N,Y,Y,NULL,0,0,N,N,NULL,NULL,0,0,0,0,0,0,N,NULL,NULL,NULL,MAXWELL NO.1N BANK:TYPE,MAXWELL NO.1N:LMT,MAXWELL,NULL,All,NULL
MAXWELL NO.2S BANK_3200,EMS,ABC,en_667092,en_3313704,N,Y,Y,NULL,0,0,N,N,NULL,NULL,0,0,0,0,0,0,N,NULL,NULL,NULL,MAXWELL NO.2S BANK:TYPE,MAXWELL NO.2S:LMT,MAXWELL,NULL,All,NULL
MAXWELL NO.2N BANK_3201,EMS,ABC,en_667093,en_3313705,N,Y,Y,NULL,0,0,N,N,NULL,NULL,0,0,0,0,0,0,N,NULL,NULL,NULL,MAXWELL NO.2N BANK:TYPE,MAXWELL NO.2N:LMT,MAXWELL,NULL,All,NULL
ESTRELLA NO.2E BANK_3207,EMS,ABC,en_648090,en_3318701,N,Y,Y,NULL,0,0,N,N,NULL,NULL,0,0,0,0,0,0,N,NULL,NULL,NULL,ESTRELLA NO.2E BANK:TYPE,ESTRELLA NO.2:LMT,ESTRELLA,NULL,All,NULL
ESTRELLA NO.2W BANK_3208,EMS,ABC,en_648091,en_3318702,N,Y,Y,NULL,0,0,N,N,NULL,NULL,0,0,0,0,0,0,N,NULL,NULL,NULL,ESTRELLA NO.2W BANK:TYPE,ESTRELLA NO.2:LMT,ESTRELLA,NULL,All,NULL
ESTRELLA NO.4E BANK_3209,EMS,ABC,en_648092,en_3318704,N,Y,Y,NULL,0,0,N,N,NULL,NULL,0,0,0,0,0,0,N,NULL,NULL,NULL,ESTRELLA NO.4E BANK:TYPE,ESTRELLA NO.4:LMT,ESTRELLA,NULL,All,NULL
ESTRELLA NO.4W BANK_3210,EMS,ABC,en_648093,en_3318705,N,Y,Y,NULL,0,0,N,N,NULL,NULL,0,0,0,0,0,0,N,NULL,NULL,NULL,ESTRELLA NO.4W BANK:TYPE,ESTRELLA NO.4:LMT,ESTRELLA,NULL,All,NULL
MOORPARK NO.5N BANK_3221,EMS,ABC,en_777701,en_3322701,N,Y,Y,NULL,0,0,N,N,NULL,NULL,0,0,0,0,0,0,N,NULL,NULL,NULL,MOORPARK NO.5N BANK:TYPE,MOORPARK NO.5:LMT,MOORPARK,NULL,All,NULL
MOORPARK NO.5S BANK_3222,EMS,ABC,en_777702,en_3322702,N,Y,Y,NULL,0,0,N,N,NULL,NULL,0,0,0,0,0,0,N,NULL,NULL,NULL,MOORPARK NO.5S BANK:TYPE,MOORPARK NO.5:LMT,MOORPARK,NULL,All,NULL
MOORPARK NO.6N BANK_3223,EMS,ABC,en_777705,en_3322705,N,Y,Y,NULL,0,0,N,N,NULL,NULL,0,0,0,0,0,0,N,NULL,NULL,NULL,MOORPARK NO.6N BANK:TYPE,MOORPARK NO.6:LMT,MOORPARK,NULL,All,NULL
MOORPARK NO.6S BANK_3224,EMS,ABC,en_777704,en_3322704,N,Y,Y,NULL,0,0,N,N,NULL,NULL,0,0,0,0,0,0,N,NULL,NULL,NULL,MOORPARK NO.6S BANK:TYPE,MOORPARK NO.6:LMT,MOORPARK,NULL,All,NULL
EISENHOWER NO.3 BANK_4015,EMS,ABC,en_512005,en_3406052_S,N,Y,Y,NULL,0,0,N,N,NULL,NULL,0,0,0,0,0,0,N,NULL,NULL,NULL,EISENHOWER NO.3 BANK:TYPE,EISENHOWER NO:LMT,EISENHOWER,NULL,All,NULL
EISENHOWER NO.4 BANK_4016,EMS,ABC,en_512008,en_3406056_S,N,Y,Y,NULL,0,0,N,N,NULL,NULL,0,0,0,0,0,0,N,NULL,NULL,NULL,EISENHOWER NO.4 BANK:TYPE,EISENHOWER NO:LMT,EISENHOWER,NULL,All,NULL
EISENHOWER NO.1 BANK_4017,EMS,ABC,en_512001,en_3407051_S,N,Y,Y,NULL,0,0,N,N,NULL,NULL,0,0,0,0,0,0,N,NULL,NULL,NULL,EISENHOWER NO.1 BANK:TYPE,EISENHOWER NO:LMT,EISENHOWER,NULL,All,NULL
EISENHOWER NO.2 BANK_4018,EMS,ABC,en_512004,en_3407058_S,N,Y,Y,NULL,0,0,N,N,NULL,NULL,0,0,0,0,0,0,N,NULL,NULL,NULL,EISENHOWER NO.2 BANK:TYPE,EISENHOWER NO:LMT,EISENHOWER,NULL,All,NULL
HOMART NO.2N BANK_4020,EMS,ABC,en_676200,en_3409701,N,Y,Y,NULL,0,0,N,N,NULL,NULL,0,0,0,0,0,0,N,NULL,NULL,NULL,HOMART NO.2N BANK:TYPE,HOMART NO.2N :LMT,HOMART,NULL,All,NULL
HOMART NO.2S BANK_4021,EMS,ABC,en_676611,en_3409702,N,Y,Y,NULL,0,0,N,N,NULL,NULL,0,0,0,0,0,0,N,NULL,NULL,NULL,HOMART NO.2S BANK:TYPE,HOMART NO.2S :LMT,HOMART,NULL,All,NULL
HOMART NO.3 BANK_4022,EMS,ABC,en_676701,en_3409704_S,N,Y,Y,NULL,0,0,N,N,NULL,NULL,0,0,0,0,0,0,N,NULL,NULL,NULL,HOMART NO.3 BANK:TYPE,HOMART NO.3 B:LMT,HOMART,NULL,All,NULL
JEFFERSON NO.1N BANK_4023,EMS,ABC,en_597113,en_3410701,N,Y,Y,NULL,0,0,N,N,NULL,NULL,0,0,0,0,0,0,N,NULL,NULL,NULL,JEFFERSON NO.1N BANK:TYPE,JEFFERSON NO.:LMT,JEFFERSON,NULL,All,NULL
JEFFERSON NO.1S BANK_4024,EMS,ABC,en_597611,en_3410702,N,Y,Y,NULL,0,0,N,N,NULL,NULL,0,0,0,0,0,0,N,NULL,NULL,NULL,JEFFERSON NO.1S BANK:TYPE,JEFFERSON NO.:LMT,JEFFERSON,NULL,All,NULL
JEFFERSON NO.2N BANK_4025,EMS,ABC,en_597114,en_3410704,N,Y,Y,NULL,0,0,N,N,NULL,NULL,0,0,0,0,0,0,N,NULL,NULL,NULL,JEFFERSON NO.2N BANK:TYPE,JEFFERSON NO.:LMT,JEFFERSON,NULL,All,NULL
JEFFERSON NO.2S BANK_4026,EMS,ABC,en_597612,en_3410705,N,Y,Y,NULL,0,0,N,N,NULL,NULL,0,0,0,0,0,0,N,NULL,NULL,NULL,JEFFERSON NO.2S BANK:TYPE,JEFFERSON NO.:LMT,JEFFERSON,NULL,All,NULL
PEPPER NO.2E BANK_4041,EMS,ABC,en_675200,en_3421701,N,Y,Y,NULL,0,0,N,N,NULL,NULL,0,0,0,0,0,0,N,NULL,NULL,NULL,PEPPER NO.2E BANK:TYPE,PEPPER NO.2E :LMT,PEPPER,NULL,All,NULL
PEPPER NO.2W BANK_4042,EMS,ABC,en_675611,en_3421702,N,Y,Y,NULL,0,0,N,N,NULL,NULL,0,0,0,0,0,0,N,NULL,NULL,NULL,PEPPER NO.2W BANK:TYPE,PEPPER NO.2W :LMT,PEPPER,NULL,All,NULL
SHANDIN NO.2E BANK_4053,EMS,ABC,en_677477,en_3428005,N,Y,Y,NULL,0,0,N,N,NULL,NULL,0,0,0,0,0,0,N,NULL,NULL,NULL,SHANDIN NO.2E BANK:TYPE,SHANDIN NO.2E:LMT,SHANDIN,NULL,All,NULL
SHANDIN NO.2W BANK_4054,EMS,ABC,en_677611,en_3428007,N,Y,Y,NULL,0,0,N,N,NULL,NULL,0,0,0,0,0,0,N,NULL,NULL,NULL,SHANDIN NO.2W BANK:TYPE,SHANDIN NO.2W:LMT,SHANDIN,NULL,All,NULL
SHANDIN NO.4W BANK_4055,EMS,ABC,en_677877,en_3428701,N,Y,Y,NULL,0,0,N,N,NULL,NULL,0,0,0,0,0,0,N,NULL,NULL,NULL,SHANDIN NO.4W BANK:TYPE,SHANDIN NO.4W:LMT,SHANDIN,NULL,All,NULL
ALON NO.2 BANK_4059,EMS,ABC,en_248007,en_3431054_S,N,Y,Y,NULL,0,0,N,N,NULL,NULL,0,0,0,0,0,0,N,NULL,NULL,NULL,ALON NO.2 BANK:TYPE,ALON NO.2 BAN:LMT,ALON,NULL,All,NULL
ALON NO.1 BANK_4060,EMS,ABC,en_248008,en_3431060_S,N,Y,Y,NULL,0,0,N,N,NULL,NULL,0,0,0,0,0,0,N,NULL,NULL,NULL,ALON NO.1 BANK:TYPE,ALON NO.1 BAN:LMT,ALON,NULL,All,NULL
WRIGHTWOOD NO.1W BANK_4070,EMS,ABC,en_3438611,en_3436701,N,Y,Y,NULL,0,0,N,N,NULL,NULL,0,0,0,0,0,0,N,NULL,NULL,NULL,WRIGHTWOOD NO.1W BANK:TYPE,WRIGHTWOOD NO:LMT,WRIGHTWOOD,NULL,All,NULL
WRIGHTWOOD NO.1E BANK_4071,EMS,ABC,en_3438612,en_3436702,N,Y,Y,NULL,0,0,N,N,NULL,NULL,0,0,0,0,0,0,N,NULL,NULL,NULL,WRIGHTWOOD NO.1E BANK:TYPE,WRIGHTWOOD NO:LMT,WRIGHTWOOD,NULL,All,NULL
FREMONT NO.5 BANK_4119,EMS,ABC,en_3468053,en_3469055_S,N,Y,Y,NULL,0,0,N,N,NULL,NULL,0,0,0,0,0,0,N,NULL,NULL,NULL,FREMONT NO.5 BANK:TYPE,FREMONT NO.5 :LMT,FREMONT,NULL,All,NULL
FREMONT NO.6 BANK_4120,EMS,ABC,en_3468054,en_3469061_S,N,Y,Y,NULL,0,0,N,N,NULL,NULL,0,0,0,0,0,0,N,NULL,NULL,NULL,FREMONT NO.6 BANK:TYPE,FREMONT NO.6 :LMT,FREMONT,NULL,All,NULL
FREMONT NO.1 BANK_4121,EMS,ABC,en_267002,en_3468055_S,N,Y,Y,NULL,0,0,N,N,NULL,NULL,0,0,0,0,0,0,N,NULL,NULL,NULL,FREMONT NO.1 BANK:TYPE,FREMONT NO.1 :LMT,FREMONT,NULL,All,NULL
FREMONT NO.2N BANK_4122,EMS,ABC,en_267900,en_3468701,N,Y,Y,NULL,0,0,N,N,NULL,NULL,0,0,0,0,0,0,N,NULL,NULL,NULL,FREMONT NO.2N BANK:TYPE,FREMONT NO.2N:LMT,FREMONT,NULL,All,NULL
FREMONT NO.2S BANK_4123,EMS,ABC,en_267704,en_3468702,N,Y,Y,NULL,0,0,N,N,NULL,NULL,0,0,0,0,0,0,N,NULL,NULL,NULL,FREMONT NO.2S BANK:TYPE,FREMONT NO.2S:LMT,FREMONT,NULL,All,NULL
NIGUEL NO.3 BANK_4154,EMS,ABC,en_654200,en_3478701_S,N,Y,Y,NULL,0,0,N,N,NULL,NULL,0,0,0,0,0,0,N,NULL,NULL,NULL,NIGUEL NO.3 BANK:TYPE,NIGUEL NO.3 B:LMT,NIGUEL,NULL,All,NULL
NIGUEL NO.4 BANK_4155,EMS,ABC,en_654204,en_3478702_S,N,Y,Y,NULL,0,0,N,N,NULL,NULL,0,0,0,0,0,0,N,NULL,NULL,NULL,NIGUEL NO.4 BANK:TYPE,NIGUEL NO.4 B:LMT,NIGUEL,NULL,All,NULL
NIGUEL NO.5 BANK_4156,EMS,ABC,en_654206,en_3478703_S,N,Y,Y,NULL,0,0,N,N,NULL,NULL,0,0,0,0,0,0,N,NULL,NULL,NULL,NIGUEL NO.5 BANK:TYPE,NIGUEL NO.5 B:LMT,NIGUEL,NULL,All,NULL
APPLE VALLEY NO.1W BANK_4179,EMS,ABC,en_406701,en_3573701,N,Y,Y,NULL,0,0,N,N,NULL,NULL,0,0,0,0,0,0,N,NULL,NULL,NULL,APPLE VALLEY NO.1W BANK:TYPE,APPLE VALLEY :LMT,APPLE_VALLEY,NULL,All,NULL
APPLE VALLEY NO.2W BANK_4180,EMS,ABC,en_406702,en_3573702,N,Y,Y,NULL,0,0,N,N,NULL,NULL,0,0,0,0,0,0,N,NULL,NULL,NULL,APPLE VALLEY NO.2W BANK:TYPE,APPLE VALLEY :LMT,APPLE_VALLEY,NULL,All,NULL
APPLE VALLEY NO.2E BANK_4213,EMS,ABC,en_406703,en_3573703,N,Y,Y,NULL,0,0,N,N,NULL,NULL,0,0,0,0,0,0,N,NULL,NULL,NULL,APPLE VALLEY NO.2E BANK:TYPE,APPLE VALLEY :LMT,APPLE_VALLEY,NULL,All,NULL
COTTONWOOD NO.3S BANK_4219,EMS,ABC,en_411120,en_3505701,N,Y,Y,NULL,0,0,N,N,NULL,NULL,0,0,0,0,0,0,N,NULL,NULL,NULL,COTTONWOOD NO.3S BANK:TYPE,COTTONWOOD NO:LMT,COTTONWOOD,NULL,All,NULL
COTTONWOOD NO.4S BANK_4220,EMS,ABC,en_411116,en_3505702,N,Y,Y,NULL,0,0,N,N,NULL,NULL,0,0,0,0,0,0,N,NULL,NULL,NULL,COTTONWOOD NO.4S BANK:TYPE,COTTONWOOD NO:LMT,COTTONWOOD,NULL,All,NULL
ROADWAY NO.1N BANK_4233,EMS,ABC,en_417701,en_3571701,N,Y,Y,NULL,0,0,N,N,NULL,NULL,0,0,0,0,0,0,N,NULL,NULL,NULL,ROADWAY NO.1N BANK:TYPE,ROADWAY NO.1N:LMT,ROADWAY,NULL,All,NULL
ROADWAY NO.1S BANK_4234,EMS,ABC,en_417702,en_3571702,N,Y,Y,NULL,0,0,N,N,NULL,NULL,0,0,0,0,0,0,N,NULL,NULL,NULL,ROADWAY NO.1S BANK:TYPE,ROADWAY NO.1S:LMT,ROADWAY,NULL,All,NULL
